x-axis,2
second,Volt
-125.000E-06,+3.115578E-03
-123.550E-06,+7.135678E-03
-122.100E-06,-904.523E-06
-120.650E-06,-5.728643E-03
-119.200E-06,-5.728643E-03
-117.750E-06,-3.316583E-03
-116.300E-06,-5.728643E-03
-114.850E-06,-3.316583E-03
-113.400E-06,-5.728643E-03
-111.950E-06,-5.728643E-03
-110.500E-06,-904.523E-06
-109.050E-06,-5.728643E-03
-107.600E-06,+3.115578E-03
-106.150E-06,+7.135678E-03
-104.700E-06,+7.135678E-03
-103.250E-06,+5.527638E-03
-101.800E-06,-5.728643E-03
-100.350E-06,-3.316583E-03
-98.900E-06,-5.728643E-03
-97.450E-06,+7.135678E-03
-96.000E-06,+3.115578E-03
-94.550E-06,-3.316583E-03
-93.100E-06,+7.135678E-03
-91.650E-06,-3.316583E-03
-90.200E-06,-904.523E-06
-88.750E-06,+7.135678E-03
-87.300E-06,+7.135678E-03
-85.850E-06,+7.135678E-03
-84.400E-06,-904.523E-06
-82.950E-06,-5.728643E-03
-81.500E-06,-5.728643E-03
-80.050E-06,+7.135678E-03
-78.600E-06,+3.115578E-03
-77.150E-06,+5.527638E-03
-75.700E-06,-904.523E-06
-74.250E-06,+5.527638E-03
-72.800E-06,-904.523E-06
-71.350E-06,+7.135678E-03
-69.900E-06,+7.135678E-03
-68.450E-06,-5.728643E-03
-67.000E-06,+3.115578E-03
-65.550E-06,+5.527638E-03
-64.100E-06,-904.523E-06
-62.650E-06,-3.316583E-03
-61.200E-06,-904.523E-06
-59.750E-06,+7.135678E-03
-58.300E-06,-5.728643E-03
-56.850E-06,-5.728643E-03
-55.400E-06,+3.115578E-03
-53.950E-06,-3.316583E-03
-52.500E-06,-5.728643E-03
-51.050E-06,-3.316583E-03
-49.600E-06,-904.523E-06
-48.150E-06,-3.316583E-03
-46.700E-06,+7.135678E-03
-45.250E-06,+9.547738E-03
-43.800E-06,-5.728643E-03
-42.350E-06,+7.135678E-03
-40.900E-06,-904.523E-06
-39.450E-06,-5.728643E-03
-38.000E-06,-5.728643E-03
-36.550E-06,+5.527638E-03
-35.100E-06,-904.523E-06
-33.650E-06,-5.728643E-03
-32.200E-06,+7.135678E-03
-30.750E-06,+5.527638E-03
-29.300E-06,+3.115578E-03
-27.850E-06,-5.728643E-03
-26.400E-06,+3.115578E-03
-24.950E-06,+7.135678E-03
-23.500E-06,+3.115578E-03
-22.050E-06,+5.527638E-03
-20.600E-06,-904.523E-06
-19.150E-06,+7.135678E-03
-17.700E-06,+7.135678E-03
-16.250E-06,-5.728643E-03
-14.800E-06,-5.728643E-03
-13.350E-06,-3.316583E-03
-11.900E-06,-904.523E-06
-10.450E-06,-5.728643E-03
-9.000E-06,+3.115578E-03
-7.550E-06,-3.316583E-03
-6.100E-06,+3.115578E-03
-4.650E-06,+5.527638E-03
-3.200E-06,-5.728643E-03
-1.750E-06,-5.728643E-03
-300E-09,+7.135678E-03
+1.150E-06,-3.316583E-03
+2.600E-06,-5.728643E-03
+4.050E-06,-3.316583E-03
+5.500E-06,-904.523E-06
+6.950E-06,-3.316583E-03
+8.400E-06,+3.115578E-03
+9.850E-06,-3.316583E-03
+11.300E-06,+3.115578E-03
+12.750E-06,-3.316583E-03
+14.200E-06,-904.523E-06
+15.650E-06,+9.547738E-03
+17.100E-06,+28.040200E-03
+18.550E-06,+30.452261E-03
+20.000E-06,+15.979899E-03
+21.450E-06,-3.316583E-03
+22.900E-06,-9.748744E-03
+24.350E-06,-29.045226E-03
+25.800E-06,-31.457286E-03
+27.250E-06,-57.185929E-03
+28.700E-06,-70.050251E-03
+30.150E-06,-80.502512E-03
+31.600E-06,-82.914572E-03
+33.050E-06,-106.231155E-03
+34.500E-06,-108.643215E-03
+35.950E-06,-121.507537E-03
+37.400E-06,-134.371858E-03
+38.850E-06,-147.236180E-03
+40.300E-06,-155.276380E-03
+41.750E-06,-161.708541E-03
+43.200E-06,-172.964823E-03
+44.650E-06,-187.437184E-03
+46.100E-06,-198.693465E-03
+47.550E-06,-201.909546E-03
+49.000E-06,-219.597988E-03
+50.450E-06,-224.422108E-03
+51.900E-06,-224.422108E-03
+53.350E-06,-237.286430E-03
+54.800E-06,-250.150751E-03
+56.250E-06,-238.894470E-03
+57.700E-06,-250.150751E-03
+59.150E-06,-263.015073E-03
+60.600E-06,-263.015073E-03
+62.050E-06,-263.015073E-03
+63.500E-06,-263.015073E-03
+64.950E-06,-273.467334E-03
+66.400E-06,-275.879394E-03
+67.850E-06,-275.879394E-03
+69.300E-06,-271.055274E-03
+70.750E-06,-275.879394E-03
+72.200E-06,-279.899495E-03
+73.650E-06,-286.331655E-03
+75.100E-06,-275.879394E-03
+76.550E-06,-277.487434E-03
+78.000E-06,-267.035173E-03
+79.450E-06,-277.487434E-03
+80.900E-06,-275.879394E-03
+82.350E-06,-275.879394E-03
+83.800E-06,-271.055274E-03
+85.250E-06,-264.623113E-03
+86.700E-06,-275.879394E-03
+88.150E-06,-273.467334E-03
+89.600E-06,-267.035173E-03
+91.050E-06,-263.015073E-03
+92.500E-06,-263.015073E-03
+93.950E-06,-251.758792E-03
+95.400E-06,-263.015073E-03
+96.850E-06,-260.603013E-03
+98.300E-06,-250.150751E-03
+99.750E-06,-250.150751E-03
+101.200E-06,-245.326631E-03
+102.650E-06,-250.150751E-03
+104.100E-06,-237.286430E-03
+105.550E-06,-226.030149E-03
+107.000E-06,-237.286430E-03
+108.450E-06,-226.030149E-03
+109.900E-06,-228.442209E-03
+111.350E-06,-224.422108E-03
+112.800E-06,-220.402008E-03
+114.250E-06,-213.165827E-03
+115.700E-06,-215.577887E-03
+117.150E-06,-224.422108E-03
+118.600E-06,-211.557787E-03
+120.050E-06,-211.557787E-03
+121.500E-06,-206.733666E-03
+122.950E-06,-200.301506E-03
+124.400E-06,-198.693465E-03
+125.850E-06,-198.693465E-03
+127.300E-06,-198.693465E-03
+128.750E-06,-198.693465E-03
+130.200E-06,-189.849244E-03
+131.650E-06,-196.281405E-03
+133.100E-06,-189.849244E-03
+134.550E-06,-196.281405E-03
+136.000E-06,-198.693465E-03
+137.450E-06,-185.829144E-03
+138.900E-06,-185.829144E-03
+140.350E-06,-196.281405E-03
+141.800E-06,-185.829144E-03
+143.250E-06,-185.829144E-03
+144.700E-06,-185.829144E-03
+146.150E-06,-174.572863E-03
+147.600E-06,-176.984923E-03
+149.050E-06,-174.572863E-03
+150.500E-06,-181.005023E-03
+151.950E-06,-172.964823E-03
+153.400E-06,-181.005023E-03
+154.850E-06,-185.829144E-03
+156.300E-06,-181.005023E-03
+157.750E-06,-172.964823E-03
+159.200E-06,-181.005023E-03
+160.650E-06,-172.964823E-03
+162.100E-06,-172.964823E-03
+163.550E-06,-172.964823E-03
+165.000E-06,-168.140702E-03
+166.450E-06,-172.964823E-03
+167.900E-06,-172.964823E-03
+169.350E-06,-181.809044E-03
+170.800E-06,-172.964823E-03
+172.250E-06,-160.100501E-03
+173.700E-06,-168.140702E-03
+175.150E-06,-170.552762E-03
+176.600E-06,-156.080401E-03
+178.050E-06,-172.964823E-03
+179.500E-06,-168.140702E-03
+180.950E-06,-160.100501E-03
+182.400E-06,-172.964823E-03
+183.850E-06,-172.964823E-03
+185.300E-06,-155.276380E-03
+186.750E-06,-160.100501E-03
+188.200E-06,-164.120601E-03
+189.650E-06,-160.100501E-03
+191.100E-06,-160.100501E-03
+192.550E-06,-170.552762E-03
+194.000E-06,-160.100501E-03
+195.450E-06,-160.100501E-03
+196.900E-06,-151.256280E-03
+198.350E-06,-160.100501E-03
+199.800E-06,-155.276380E-03
+201.250E-06,-160.100501E-03
+202.700E-06,-151.256280E-03
+204.150E-06,-160.100501E-03
+205.600E-06,-155.276380E-03
+207.050E-06,-148.844220E-03
+208.500E-06,-160.100501E-03
+209.950E-06,-147.236180E-03
+211.400E-06,-155.276380E-03
+212.850E-06,-148.844220E-03
+214.300E-06,-147.236180E-03
+215.750E-06,-147.236180E-03
+217.200E-06,-151.256280E-03
+218.650E-06,-147.236180E-03
+220.100E-06,-147.236180E-03
+221.550E-06,-147.236180E-03
+223.000E-06,-147.236180E-03
+224.450E-06,-148.844220E-03
+225.900E-06,-138.391959E-03
+227.350E-06,-147.236180E-03
+228.800E-06,-138.391959E-03
+230.250E-06,-147.236180E-03
+231.700E-06,-147.236180E-03
+233.150E-06,-134.371858E-03
+234.600E-06,-147.236180E-03
+236.050E-06,-144.824119E-03
+237.500E-06,-147.236180E-03
+238.950E-06,-135.979898E-03
+240.400E-06,-147.236180E-03
+241.850E-06,-134.371858E-03
+243.300E-06,-142.412059E-03
+244.750E-06,-134.371858E-03
+246.200E-06,-134.371858E-03
+247.650E-06,-134.371858E-03
+249.100E-06,-138.391959E-03
+250.550E-06,-134.371858E-03
+252.000E-06,-134.371858E-03
+253.450E-06,-144.824119E-03
+254.900E-06,-134.371858E-03
+256.350E-06,-134.371858E-03
+257.800E-06,-134.371858E-03
+259.250E-06,-134.371858E-03
+260.700E-06,-134.371858E-03
+262.150E-06,-134.371858E-03
+263.600E-06,-125.527637E-03
+265.050E-06,-123.115577E-03
+266.500E-06,-134.371858E-03
+267.950E-06,-135.979898E-03
+269.400E-06,-134.371858E-03
+270.850E-06,-123.115577E-03
+272.300E-06,-129.547738E-03
+273.750E-06,-121.507537E-03
+275.200E-06,-134.371858E-03
+276.650E-06,-131.959798E-03
+278.100E-06,-125.527637E-03
+279.550E-06,-121.507537E-03
+281.000E-06,-125.527637E-03
+282.450E-06,-123.115577E-03
+283.900E-06,-121.507537E-03
+285.350E-06,-121.507537E-03
+286.800E-06,-121.507537E-03
+288.250E-06,-121.507537E-03
+289.700E-06,-121.507537E-03
+291.150E-06,-121.507537E-03
+292.600E-06,-112.663316E-03
+294.050E-06,-110.251255E-03
+295.500E-06,-112.663316E-03
+296.950E-06,-108.643215E-03
+298.400E-06,-116.683416E-03
+299.850E-06,-119.095476E-03
+301.300E-06,-108.643215E-03
+302.750E-06,-108.643215E-03
+304.200E-06,-108.643215E-03
+305.650E-06,-108.643215E-03
+307.100E-06,-108.643215E-03
+308.550E-06,-108.643215E-03
+310.000E-06,-108.643215E-03
+311.450E-06,-108.643215E-03
+312.900E-06,-99.798994E-03
+314.350E-06,-95.778894E-03
+315.800E-06,-103.819095E-03
+317.250E-06,-108.643215E-03
+318.700E-06,-95.778894E-03
+320.150E-06,-108.643215E-03
+321.600E-06,-95.778894E-03
+323.050E-06,-95.778894E-03
+324.500E-06,-95.778894E-03
+325.950E-06,-95.778894E-03
+327.400E-06,-95.778894E-03
+328.850E-06,-95.778894E-03
+330.300E-06,-95.778894E-03
+331.750E-06,-84.522612E-03
+333.200E-06,-90.954773E-03
+334.650E-06,-95.778894E-03
+336.100E-06,-82.914572E-03
+337.550E-06,-95.778894E-03
+339.000E-06,-95.778894E-03
+340.450E-06,-93.366833E-03
+341.900E-06,-95.778894E-03
+343.350E-06,-82.914572E-03
+344.800E-06,-82.914572E-03
+346.250E-06,-84.522612E-03
+347.700E-06,-82.914572E-03
+349.150E-06,-93.366833E-03
+350.600E-06,-82.914572E-03
+352.050E-06,-91.758793E-03
+353.500E-06,-78.090452E-03
+354.950E-06,-82.914572E-03
+356.400E-06,-78.090452E-03
+357.850E-06,-82.914572E-03
+359.300E-06,-82.914572E-03
+360.750E-06,-82.914572E-03
+362.200E-06,-82.914572E-03
+363.650E-06,-82.914572E-03
+365.100E-06,-90.954773E-03
+366.550E-06,-82.914572E-03
+368.000E-06,-86.934673E-03
+369.450E-06,-84.522612E-03
+370.900E-06,-82.914572E-03
+372.350E-06,-93.366833E-03
+373.800E-06,-82.914572E-03
+375.250E-06,-82.914572E-03
+376.700E-06,-90.954773E-03
+378.150E-06,-93.366833E-03
+379.600E-06,-86.934673E-03
+381.050E-06,-93.366833E-03
+382.500E-06,-82.914572E-03
+383.950E-06,-95.778894E-03
+385.400E-06,-82.914572E-03
+386.850E-06,-82.914572E-03
+388.300E-06,-82.914572E-03
+389.750E-06,-82.914572E-03
+391.200E-06,-82.914572E-03
+392.650E-06,-82.914572E-03
+394.100E-06,-82.914572E-03
+395.550E-06,-82.914572E-03
+397.000E-06,-82.914572E-03
+398.450E-06,-93.366833E-03
+399.900E-06,-82.914572E-03
+401.350E-06,-82.914572E-03
+402.800E-06,-82.914572E-03
+404.250E-06,-93.366833E-03
+405.700E-06,-82.914572E-03
+407.150E-06,-82.914572E-03
+408.600E-06,-90.954773E-03
+410.050E-06,-82.914572E-03
+411.500E-06,-78.090452E-03
+412.950E-06,-70.050251E-03
+414.400E-06,-82.914572E-03
+415.850E-06,-82.914572E-03
+417.300E-06,-82.914572E-03
+418.750E-06,-80.502512E-03
+420.200E-06,-82.914572E-03
+421.650E-06,-82.914572E-03
+423.100E-06,-74.070351E-03
+424.550E-06,-70.050251E-03
+426.000E-06,-70.050251E-03
+427.450E-06,-82.914572E-03
+428.900E-06,-70.050251E-03
+430.350E-06,-70.050251E-03
+431.800E-06,-78.090452E-03
+433.250E-06,-71.658291E-03
+434.700E-06,-70.050251E-03
+436.150E-06,-70.050251E-03
+437.600E-06,-70.050251E-03
+439.050E-06,-80.502512E-03
+440.500E-06,-74.070351E-03
+441.950E-06,-70.050251E-03
+443.400E-06,-70.050251E-03
+444.850E-06,-70.050251E-03
+446.300E-06,-70.050251E-03
+447.750E-06,-58.793969E-03
+449.200E-06,-74.070351E-03
+450.650E-06,-70.050251E-03
+452.100E-06,-70.050251E-03
+453.550E-06,-58.793969E-03
+455.000E-06,-57.185929E-03
+456.450E-06,-67.638190E-03
+457.900E-06,-61.206030E-03
+459.350E-06,-70.050251E-03
+460.800E-06,-65.226130E-03
+462.250E-06,-58.793969E-03
+463.700E-06,-65.226130E-03
+465.150E-06,-67.638190E-03
+466.600E-06,-65.226130E-03
+468.050E-06,-67.638190E-03
+469.500E-06,-70.050251E-03
+470.950E-06,-58.793969E-03
+472.400E-06,-65.226130E-03
+473.850E-06,-67.638190E-03
+475.300E-06,-57.185929E-03
+476.750E-06,-57.185929E-03
+478.200E-06,-65.226130E-03
+479.650E-06,-58.793969E-03
+481.100E-06,-61.206030E-03
+482.550E-06,-57.185929E-03
+484.000E-06,-61.206030E-03
+485.450E-06,-57.185929E-03
+486.900E-06,-57.185929E-03
+488.350E-06,-67.638190E-03
+489.800E-06,-61.206030E-03
+491.250E-06,-57.185929E-03
+492.700E-06,-61.206030E-03
+494.150E-06,-57.185929E-03
+495.600E-06,-57.185929E-03
+497.050E-06,-57.185929E-03
+498.500E-06,-57.185929E-03
+499.950E-06,-57.185929E-03
+501.400E-06,-57.185929E-03
+502.850E-06,-57.185929E-03
+504.300E-06,-57.185929E-03
+505.750E-06,-57.185929E-03
+507.200E-06,-57.185929E-03
+508.650E-06,-57.185929E-03
+510.100E-06,-57.185929E-03
+511.550E-06,-57.185929E-03
+513.000E-06,-57.185929E-03
+514.450E-06,-66.030150E-03
+515.900E-06,-57.185929E-03
+517.350E-06,-57.185929E-03
+518.800E-06,-57.185929E-03
+520.250E-06,-57.185929E-03
+521.700E-06,-57.185929E-03
+523.150E-06,-57.185929E-03
+524.600E-06,-57.185929E-03
+526.050E-06,-45.929648E-03
+527.500E-06,-57.185929E-03
+528.950E-06,-57.185929E-03
+530.400E-06,-52.361809E-03
+531.850E-06,-45.929648E-03
+533.300E-06,-57.185929E-03
+534.750E-06,-54.773869E-03
+536.200E-06,-57.185929E-03
+537.650E-06,-54.773869E-03
+539.100E-06,-48.341708E-03
+540.550E-06,-57.185929E-03
+542.000E-06,-57.185929E-03
+543.450E-06,-57.185929E-03
+544.900E-06,-57.185929E-03
+546.350E-06,-45.929648E-03
+547.800E-06,-52.361809E-03
+549.250E-06,-57.185929E-03
+550.700E-06,-48.341708E-03
+552.150E-06,-57.185929E-03
+553.600E-06,-48.341708E-03
+555.050E-06,-45.929648E-03
+556.500E-06,-48.341708E-03
+557.950E-06,-54.773869E-03
+559.400E-06,-57.185929E-03
+560.850E-06,-44.321608E-03
+562.300E-06,-52.361809E-03
+563.750E-06,-44.321608E-03
+565.200E-06,-57.185929E-03
+566.650E-06,-54.773869E-03
+568.100E-06,-44.321608E-03
+569.550E-06,-45.929648E-03
+571.000E-06,-44.321608E-03
+572.450E-06,-44.321608E-03
+573.900E-06,-52.361809E-03
+575.350E-06,-44.321608E-03
+576.800E-06,-52.361809E-03
+578.250E-06,-44.321608E-03
+579.700E-06,-52.361809E-03
+581.150E-06,-44.321608E-03
+582.600E-06,-44.321608E-03
+584.050E-06,-45.929648E-03
+585.500E-06,-44.321608E-03
+586.950E-06,-44.321608E-03
+588.400E-06,-39.497487E-03
+589.850E-06,-44.321608E-03
+591.300E-06,-44.321608E-03
+592.750E-06,-44.321608E-03
+594.200E-06,-44.321608E-03
+595.650E-06,-44.321608E-03
+597.100E-06,-35.477387E-03
+598.550E-06,-44.321608E-03
+600.000E-06,-39.497487E-03
+601.450E-06,-41.909548E-03
+602.900E-06,-35.477387E-03
+604.350E-06,-44.321608E-03
+605.800E-06,-44.321608E-03
+607.250E-06,-44.321608E-03
+608.700E-06,-35.477387E-03
+610.150E-06,-44.321608E-03
+611.600E-06,-44.321608E-03
+613.050E-06,-44.321608E-03
+614.500E-06,-35.477387E-03
+615.950E-06,-41.909548E-03
+617.400E-06,-35.477387E-03
+618.850E-06,-31.457286E-03
+620.300E-06,-39.497487E-03
+621.750E-06,-33.065327E-03
+623.200E-06,-39.497487E-03
+624.650E-06,-44.321608E-03
+626.100E-06,-52.361809E-03
+627.550E-06,-31.457286E-03
+629.000E-06,-39.497487E-03
+630.450E-06,-31.457286E-03
+631.900E-06,-39.497487E-03
+633.350E-06,-41.909548E-03
+634.800E-06,-35.477387E-03
+636.250E-06,-31.457286E-03
+637.700E-06,-31.457286E-03
+639.150E-06,-31.457286E-03
+640.600E-06,-31.457286E-03
+642.050E-06,-41.909548E-03
+643.500E-06,-31.457286E-03
+644.950E-06,-31.457286E-03
+646.400E-06,-31.457286E-03
+647.850E-06,-29.045226E-03
+649.300E-06,-31.457286E-03
+650.750E-06,-31.457286E-03
+652.200E-06,-31.457286E-03
+653.650E-06,-31.457286E-03
+655.100E-06,-31.457286E-03
+656.550E-06,-20.201005E-03
+658.000E-06,-31.457286E-03
+659.450E-06,-20.201005E-03
+660.900E-06,-31.457286E-03
+662.350E-06,-31.457286E-03
+663.800E-06,-31.457286E-03
+665.250E-06,-31.457286E-03
+666.700E-06,-31.457286E-03
+668.150E-06,-31.457286E-03
+669.600E-06,-31.457286E-03
+671.050E-06,-31.457286E-03
+672.500E-06,-22.613065E-03
+673.950E-06,-31.457286E-03
+675.400E-06,-35.477387E-03
+676.850E-06,-31.457286E-03
+678.300E-06,-31.457286E-03
+679.750E-06,-20.201005E-03
+681.200E-06,-31.457286E-03
+682.650E-06,-31.457286E-03
+684.100E-06,-39.497487E-03
+685.550E-06,-31.457286E-03
+687.000E-06,-22.613065E-03
+688.450E-06,-20.201005E-03
+689.900E-06,-31.457286E-03
+691.350E-06,-33.065327E-03
+692.800E-06,-31.457286E-03
+694.250E-06,-41.909548E-03
+695.700E-06,-31.457286E-03
+697.150E-06,-31.457286E-03
+698.600E-06,-31.457286E-03
+700.050E-06,-31.457286E-03
+701.500E-06,-31.457286E-03
+702.950E-06,-31.457286E-03
+704.400E-06,-31.457286E-03
+705.850E-06,-31.457286E-03
+707.300E-06,-31.457286E-03
+708.750E-06,-31.457286E-03
+710.200E-06,-22.613065E-03
+711.650E-06,-31.457286E-03
+713.100E-06,-31.457286E-03
+714.550E-06,-31.457286E-03
+716.000E-06,-22.613065E-03
+717.450E-06,-20.201005E-03
+718.900E-06,-31.457286E-03
+720.350E-06,-31.457286E-03
+721.800E-06,-22.613065E-03
+723.250E-06,-29.045226E-03
+724.700E-06,-31.457286E-03
+726.150E-06,-31.457286E-03
+727.600E-06,-31.457286E-03
+729.050E-06,-31.457286E-03
+730.500E-06,-31.457286E-03
+731.950E-06,-20.201005E-03
+733.400E-06,-31.457286E-03
+734.850E-06,-31.457286E-03
+736.300E-06,-31.457286E-03
+737.750E-06,-31.457286E-03
+739.200E-06,-31.457286E-03
+740.650E-06,-29.045226E-03
+742.100E-06,-26.633166E-03
+743.550E-06,-31.457286E-03
+745.000E-06,-26.633166E-03
+746.450E-06,-20.201005E-03
+747.900E-06,-22.613065E-03
+749.350E-06,-31.457286E-03
+750.800E-06,-18.592965E-03
+752.250E-06,-31.457286E-03
+753.700E-06,-26.633166E-03
+755.150E-06,-31.457286E-03
+756.600E-06,-18.592965E-03
+758.050E-06,-18.592965E-03
+759.500E-06,-31.457286E-03
+760.950E-06,-29.045226E-03
+762.400E-06,-22.613065E-03
+763.850E-06,-18.592965E-03
+765.300E-06,-26.633166E-03
+766.750E-06,-18.592965E-03
+768.200E-06,-9.748744E-03
+769.650E-06,-18.592965E-03
+771.100E-06,-26.633166E-03
+772.550E-06,-18.592965E-03
+774.000E-06,-18.592965E-03
+775.450E-06,-29.045226E-03
+776.900E-06,-31.457286E-03
+778.350E-06,-29.045226E-03
+779.800E-06,-22.613065E-03
+781.250E-06,-18.592965E-03
+782.700E-06,-14.572864E-03
+784.150E-06,-18.592965E-03
+785.600E-06,-18.592965E-03
+787.050E-06,-18.592965E-03
+788.500E-06,-18.592965E-03
+789.950E-06,-18.592965E-03
+791.400E-06,-18.592965E-03
+792.850E-06,-18.592965E-03
+794.300E-06,-18.592965E-03
+795.750E-06,-18.592965E-03
+797.200E-06,-18.592965E-03
+798.650E-06,-18.592965E-03
+800.100E-06,-22.613065E-03
+801.550E-06,-18.592965E-03
+803.000E-06,-18.592965E-03
+804.450E-06,-18.592965E-03
+805.900E-06,-9.748744E-03
+807.350E-06,-18.592965E-03
+808.800E-06,-9.748744E-03
+810.250E-06,-18.592965E-03
+811.700E-06,-18.592965E-03
+813.150E-06,-18.592965E-03
+814.600E-06,-18.592965E-03
+816.050E-06,-18.592965E-03
+817.500E-06,-22.613065E-03
+818.950E-06,-18.592965E-03
+820.400E-06,-5.728643E-03
+821.850E-06,+9.547738E-03
+823.300E-06,-904.523E-06
+824.750E-06,-5.728643E-03
+826.200E-06,+7.135678E-03
+827.650E-06,+5.527638E-03
+829.100E-06,+3.115578E-03
+830.550E-06,-5.728643E-03
+832.000E-06,-904.523E-06
+833.450E-06,+5.527638E-03
+834.900E-06,-904.523E-06
+836.350E-06,-3.316583E-03
+837.800E-06,+7.135678E-03
+839.250E-06,+7.135678E-03
+840.700E-06,-5.728643E-03
+842.150E-06,-5.728643E-03
+843.600E-06,-904.523E-06
+845.050E-06,+5.527638E-03
+846.500E-06,+3.115578E-03
+847.950E-06,+5.527638E-03
+849.400E-06,+7.135678E-03
+850.850E-06,+7.135678E-03
+852.300E-06,-904.523E-06
+853.750E-06,+7.135678E-03
+855.200E-06,-5.728643E-03
+856.650E-06,+7.135678E-03
+858.100E-06,+7.135678E-03
+859.550E-06,+18.391959E-03
+861.000E-06,+7.135678E-03
+862.450E-06,+7.135678E-03
+863.900E-06,+7.135678E-03
+865.350E-06,+7.135678E-03
+866.800E-06,+7.135678E-03
+868.250E-06,+7.135678E-03
+869.700E-06,+7.135678E-03
+871.150E-06,+5.527638E-03
+872.600E-06,+7.135678E-03
+874.050E-06,+7.135678E-03
+875.500E-06,+7.135678E-03
+876.950E-06,+7.135678E-03
+878.400E-06,+15.979899E-03
+879.850E-06,+7.135678E-03
+881.300E-06,+11.155779E-03
+882.750E-06,-3.316583E-03
+884.200E-06,+7.135678E-03
+885.650E-06,+7.135678E-03
+887.100E-06,+7.135678E-03
+888.550E-06,+5.527638E-03
+890.000E-06,+3.115578E-03
+891.450E-06,+7.135678E-03
+892.900E-06,+15.979899E-03
+894.350E-06,+7.135678E-03
+895.800E-06,+15.979899E-03
+897.250E-06,+7.135678E-03
+898.700E-06,+7.135678E-03
+900.150E-06,+7.135678E-03
+901.600E-06,+7.135678E-03
+903.050E-06,-3.316583E-03
+904.500E-06,+7.135678E-03
+905.950E-06,-5.728643E-03
+907.400E-06,+3.115578E-03
+908.850E-06,+7.135678E-03
+910.300E-06,+7.135678E-03
+911.750E-06,+18.391959E-03
+913.200E-06,+7.135678E-03
+914.650E-06,+7.135678E-03
+916.100E-06,+11.959799E-03
+917.550E-06,+5.527638E-03
+919.000E-06,+7.135678E-03
+920.450E-06,+7.135678E-03
+921.900E-06,+3.115578E-03
+923.350E-06,+5.527638E-03
+924.800E-06,+7.135678E-03
+926.250E-06,+7.135678E-03
+927.700E-06,+15.979899E-03
+929.150E-06,+9.547738E-03
+930.600E-06,+7.135678E-03
+932.050E-06,+7.135678E-03
+933.500E-06,+7.135678E-03
+934.950E-06,+7.135678E-03
+936.400E-06,+7.135678E-03
+937.850E-06,+7.135678E-03
+939.300E-06,+15.979899E-03
+940.750E-06,+9.547738E-03
+942.200E-06,+7.135678E-03
+943.650E-06,+7.135678E-03
+945.100E-06,+20.000000E-03
+946.550E-06,+20.000000E-03
+948.000E-06,+11.959799E-03
+949.450E-06,+9.547738E-03
+950.900E-06,+15.979899E-03
+952.350E-06,-3.316583E-03
+953.800E-06,+7.135678E-03
+955.250E-06,+7.135678E-03
+956.700E-06,+20.000000E-03
+958.150E-06,+16.783919E-03
+959.600E-06,+15.979899E-03
+961.050E-06,+9.547738E-03
+962.500E-06,+7.135678E-03
+963.950E-06,+7.135678E-03
+965.400E-06,+7.135678E-03
+966.850E-06,+7.135678E-03
+968.300E-06,-904.523E-06
+969.750E-06,+9.547738E-03
+971.200E-06,+7.135678E-03
+972.650E-06,+7.135678E-03
+974.100E-06,+15.979899E-03
+975.550E-06,+7.135678E-03
+977.000E-06,+7.135678E-03
+978.450E-06,+5.527638E-03
+979.900E-06,+7.135678E-03
+981.350E-06,+7.135678E-03
+982.800E-06,+7.135678E-03
+984.250E-06,+7.135678E-03
+985.700E-06,+7.135678E-03
+987.150E-06,+7.135678E-03
+988.600E-06,-904.523E-06
+990.050E-06,+20.000000E-03
+991.500E-06,+7.135678E-03
+992.950E-06,+7.135678E-03
+994.400E-06,+7.135678E-03
+995.850E-06,+7.135678E-03
+997.300E-06,+7.135678E-03
+998.750E-06,+7.135678E-03
+1.000200E-03,+7.135678E-03
+1.001650E-03,+7.135678E-03
+1.003100E-03,+3.115578E-03
+1.004550E-03,+5.527638E-03
+1.006000E-03,-904.523E-06
+1.007450E-03,+7.135678E-03
+1.008900E-03,+7.135678E-03
+1.010350E-03,+5.527638E-03
+1.011800E-03,-904.523E-06
+1.013250E-03,+7.135678E-03
+1.014700E-03,+7.135678E-03
+1.016150E-03,+7.135678E-03
+1.017600E-03,+7.135678E-03
+1.019050E-03,+5.527638E-03
+1.020500E-03,+7.135678E-03
+1.021950E-03,-5.728643E-03
+1.023400E-03,+7.135678E-03
+1.024850E-03,+5.527638E-03
+1.026300E-03,+7.135678E-03
+1.027750E-03,+5.527638E-03
+1.029200E-03,+3.115578E-03
+1.030650E-03,-3.316583E-03
+1.032100E-03,+3.115578E-03
+1.033550E-03,-3.316583E-03
+1.035000E-03,+7.135678E-03
+1.036450E-03,+7.135678E-03
+1.037900E-03,-904.523E-06
+1.039350E-03,-3.316583E-03
+1.040800E-03,+7.135678E-03
+1.042250E-03,-3.316583E-03
+1.043700E-03,+3.115578E-03
+1.045150E-03,+7.135678E-03
+1.046600E-03,+7.135678E-03
+1.048050E-03,-3.316583E-03
+1.049500E-03,+11.155779E-03
+1.050950E-03,+7.135678E-03
+1.052400E-03,+7.135678E-03
+1.053850E-03,-3.316583E-03
+1.055300E-03,+3.115578E-03
+1.056750E-03,+5.527638E-03
+1.058200E-03,+7.135678E-03
+1.059650E-03,-1.708543E-03
+1.061100E-03,+7.135678E-03
+1.062550E-03,+7.135678E-03
+1.064000E-03,+3.919598E-03
+1.065450E-03,+7.135678E-03
+1.066900E-03,+15.979899E-03
+1.068350E-03,+5.527638E-03
+1.069800E-03,+7.135678E-03
+1.071250E-03,+7.135678E-03
+1.072700E-03,+11.959799E-03
+1.074150E-03,+7.135678E-03
+1.075600E-03,+7.135678E-03
+1.077050E-03,+5.527638E-03
+1.078500E-03,-904.523E-06
+1.079950E-03,-3.316583E-03
+1.081400E-03,+7.135678E-03
+1.082850E-03,-5.728643E-03
+1.084300E-03,+3.115578E-03
+1.085750E-03,+7.135678E-03
+1.087200E-03,-904.523E-06
+1.088650E-03,+7.135678E-03
+1.090100E-03,-904.523E-06
+1.091550E-03,+7.135678E-03
+1.093000E-03,-904.523E-06
+1.094450E-03,+9.547738E-03
+1.095900E-03,+7.135678E-03
+1.097350E-03,+5.527638E-03
+1.098800E-03,+7.135678E-03
+1.100250E-03,+7.135678E-03
+1.101700E-03,+7.135678E-03
+1.103150E-03,+7.135678E-03
+1.104600E-03,+3.115578E-03
+1.106050E-03,+5.527638E-03
+1.107500E-03,+7.135678E-03
+1.108950E-03,+7.135678E-03
+1.110400E-03,+15.979899E-03
+1.111850E-03,+18.391959E-03
+1.113300E-03,+15.979899E-03
+1.114750E-03,+7.135678E-03
+1.116200E-03,+15.979899E-03
+1.117650E-03,+7.135678E-03
+1.119100E-03,-904.523E-06
+1.120550E-03,+7.135678E-03
+1.122000E-03,+20.000000E-03
+1.123450E-03,+7.135678E-03
+1.124900E-03,+7.135678E-03
+1.126350E-03,+20.000000E-03
+1.127800E-03,+7.135678E-03
+1.129250E-03,+7.135678E-03
+1.130700E-03,+7.135678E-03
+1.132150E-03,+7.135678E-03
+1.133600E-03,+7.135678E-03
+1.135050E-03,+5.527638E-03
+1.136500E-03,+3.115578E-03
+1.137950E-03,+7.135678E-03
+1.139400E-03,+7.135678E-03
+1.140850E-03,+5.527638E-03
+1.142300E-03,+7.135678E-03
+1.143750E-03,+9.547738E-03
+1.145200E-03,+3.115578E-03
+1.146650E-03,-3.316583E-03
+1.148100E-03,+7.135678E-03
+1.149550E-03,+7.135678E-03
+1.151000E-03,+3.919598E-03
+1.152450E-03,+7.135678E-03
+1.153900E-03,+7.135678E-03
+1.155350E-03,+7.135678E-03
+1.156800E-03,+7.135678E-03
+1.158250E-03,+7.135678E-03
+1.159700E-03,+3.115578E-03
+1.161150E-03,+7.135678E-03
+1.162600E-03,+11.959799E-03
+1.164050E-03,+9.547738E-03
+1.165500E-03,+7.135678E-03
+1.166950E-03,-5.728643E-03
+1.168400E-03,+3.115578E-03
+1.169850E-03,+7.135678E-03
+1.171300E-03,+3.115578E-03
+1.172750E-03,+7.135678E-03
+1.174200E-03,+3.115578E-03
+1.175650E-03,-3.316583E-03
+1.177100E-03,+3.115578E-03
+1.178550E-03,-3.316583E-03
+1.180000E-03,-904.523E-06
+1.181450E-03,+5.527638E-03
+1.182900E-03,-5.728643E-03
+1.184350E-03,+7.135678E-03
+1.185800E-03,+3.115578E-03
+1.187250E-03,-3.316583E-03
+1.188700E-03,-5.728643E-03
+1.190150E-03,-5.728643E-03
+1.191600E-03,-5.728643E-03
+1.193050E-03,-5.728643E-03
+1.194500E-03,-5.728643E-03
+1.195950E-03,-5.728643E-03
+1.197400E-03,-5.728643E-03
+1.198850E-03,-5.728643E-03
+1.200300E-03,-5.728643E-03
+1.201750E-03,-5.728643E-03
+1.203200E-03,-5.728643E-03
+1.204650E-03,-5.728643E-03
+1.206100E-03,-5.728643E-03
+1.207550E-03,+7.135678E-03
+1.209000E-03,+3.115578E-03
+1.210450E-03,-5.728643E-03
+1.211900E-03,-5.728643E-03
+1.213350E-03,-5.728643E-03
+1.214800E-03,-5.728643E-03
+1.216250E-03,-5.728643E-03
+1.217700E-03,-5.728643E-03
+1.219150E-03,-3.316583E-03
+1.220600E-03,-904.523E-06
+1.222050E-03,+7.135678E-03
+1.223500E-03,+3.115578E-03
+1.224950E-03,+7.135678E-03
+1.226400E-03,-5.728643E-03
+1.227850E-03,-3.316583E-03
+1.229300E-03,+3.115578E-03
+1.230750E-03,-3.316583E-03
+1.232200E-03,+3.115578E-03
+1.233650E-03,+5.527638E-03
+1.235100E-03,-904.523E-06
+1.236550E-03,+5.527638E-03
+1.238000E-03,+7.135678E-03
+1.239450E-03,+7.135678E-03
+1.240900E-03,+3.115578E-03
+1.242350E-03,+7.135678E-03
+1.243800E-03,+7.135678E-03
+1.245250E-03,+7.135678E-03
+1.246700E-03,+7.135678E-03
+1.248150E-03,+20.000000E-03
+1.249600E-03,+7.135678E-03
+1.251050E-03,+7.135678E-03
+1.252500E-03,-904.523E-06
+1.253950E-03,+7.135678E-03
+1.255400E-03,+7.135678E-03
+1.256850E-03,+7.135678E-03
+1.258300E-03,+15.979899E-03
+1.259750E-03,+7.135678E-03
+1.261200E-03,+7.135678E-03
+1.262650E-03,+9.547738E-03
+1.264100E-03,+7.135678E-03
+1.265550E-03,+7.135678E-03
+1.267000E-03,+15.979899E-03
+1.268450E-03,+7.135678E-03
+1.269900E-03,-904.523E-06
+1.271350E-03,+7.135678E-03
+1.272800E-03,+7.135678E-03
+1.274250E-03,+9.547738E-03
+1.275700E-03,+7.135678E-03
+1.277150E-03,+7.135678E-03
+1.278600E-03,+11.959799E-03
+1.280050E-03,+18.391959E-03
+1.281500E-03,+7.135678E-03
+1.282950E-03,+7.135678E-03
+1.284400E-03,+7.135678E-03
+1.285850E-03,-3.316583E-03
+1.287300E-03,+7.135678E-03
+1.288750E-03,+5.527638E-03
+1.290200E-03,+7.135678E-03
+1.291650E-03,+7.135678E-03
+1.293100E-03,-5.728643E-03
+1.294550E-03,-3.316583E-03
+1.296000E-03,+3.115578E-03
+1.297450E-03,+7.135678E-03
+1.298900E-03,+3.115578E-03
+1.300350E-03,+5.527638E-03
+1.301800E-03,+7.135678E-03
+1.303250E-03,+9.547738E-03
+1.304700E-03,+7.135678E-03
+1.306150E-03,+7.135678E-03
+1.307600E-03,+7.135678E-03
+1.309050E-03,-3.316583E-03
+1.310500E-03,-5.728643E-03
+1.311950E-03,-5.728643E-03
+1.313400E-03,+3.115578E-03
+1.314850E-03,+5.527638E-03
+1.316300E-03,-5.728643E-03
+1.317750E-03,-3.316583E-03
+1.319200E-03,-904.523E-06
+1.320650E-03,-5.728643E-03
+1.322100E-03,-904.523E-06
+1.323550E-03,+7.135678E-03
+1.325000E-03,-5.728643E-03
+1.326450E-03,-3.316583E-03
+1.327900E-03,+3.115578E-03
+1.329350E-03,-5.728643E-03
+1.330800E-03,-5.728643E-03
+1.332250E-03,-5.728643E-03
+1.333700E-03,+3.115578E-03
+1.335150E-03,-5.728643E-03
+1.336600E-03,-5.728643E-03
+1.338050E-03,-3.316583E-03
+1.339500E-03,+3.115578E-03
+1.340950E-03,-5.728643E-03
+1.342400E-03,+3.115578E-03
+1.343850E-03,-5.728643E-03
+1.345300E-03,+3.115578E-03
+1.346750E-03,-5.728643E-03
+1.348200E-03,-5.728643E-03
+1.349650E-03,+5.527638E-03
+1.351100E-03,-904.523E-06
+1.352550E-03,-5.728643E-03
+1.354000E-03,-5.728643E-03
+1.355450E-03,-5.728643E-03
+1.356900E-03,+3.115578E-03
+1.358350E-03,-3.316583E-03
+1.359800E-03,-5.728643E-03
+1.361250E-03,-3.316583E-03
+1.362700E-03,-5.728643E-03
+1.364150E-03,+7.135678E-03
+1.365600E-03,+7.135678E-03
+1.367050E-03,+5.527638E-03
+1.368500E-03,-904.523E-06
+1.369950E-03,+18.391959E-03
+1.371400E-03,+7.135678E-03
+1.372850E-03,+7.135678E-03
+1.374300E-03,+7.135678E-03
+1.375750E-03,-3.316583E-03
+1.377200E-03,+7.135678E-03
+1.378650E-03,+7.135678E-03
+1.380100E-03,+7.135678E-03
+1.381550E-03,+7.135678E-03
+1.383000E-03,+7.135678E-03
+1.384450E-03,+7.135678E-03
+1.385900E-03,+7.135678E-03
+1.387350E-03,+7.135678E-03
+1.388800E-03,+11.959799E-03
+1.390250E-03,+7.135678E-03
+1.391700E-03,+3.115578E-03
+1.393150E-03,+18.391959E-03
+1.394600E-03,+3.115578E-03
+1.396050E-03,+7.135678E-03
+1.397500E-03,+7.135678E-03
+1.398950E-03,+7.135678E-03
+1.400400E-03,+7.135678E-03
+1.401850E-03,+7.135678E-03
+1.403300E-03,+7.135678E-03
+1.404750E-03,+7.135678E-03
+1.406200E-03,+7.135678E-03
+1.407650E-03,+18.391959E-03
+1.409100E-03,+7.135678E-03
+1.410550E-03,+7.135678E-03
+1.412000E-03,+7.135678E-03
+1.413450E-03,+7.135678E-03
+1.414900E-03,+15.979899E-03
+1.416350E-03,+18.391959E-03
+1.417800E-03,+7.135678E-03
+1.419250E-03,+7.135678E-03
+1.420700E-03,+7.135678E-03
+1.422150E-03,+7.135678E-03
+1.423600E-03,+7.135678E-03
+1.425050E-03,+20.000000E-03
+1.426500E-03,+15.979899E-03
+1.427950E-03,+7.135678E-03
+1.429400E-03,+7.135678E-03
+1.430850E-03,+18.391959E-03
+1.432300E-03,+7.135678E-03
+1.433750E-03,+18.391959E-03
+1.435200E-03,+7.135678E-03
+1.436650E-03,+7.135678E-03
+1.438100E-03,+7.135678E-03
+1.439550E-03,+7.135678E-03
+1.441000E-03,+11.959799E-03
+1.442450E-03,+18.391959E-03
+1.443900E-03,+11.959799E-03
+1.445350E-03,+20.000000E-03
+1.446800E-03,+7.135678E-03
+1.448250E-03,+7.135678E-03
+1.449700E-03,+7.135678E-03
+1.451150E-03,+9.547738E-03
+1.452600E-03,+15.979899E-03
+1.454050E-03,+18.391959E-03
+1.455500E-03,+11.959799E-03
+1.456950E-03,+9.547738E-03
+1.458400E-03,+11.959799E-03
+1.459850E-03,+7.135678E-03
+1.461300E-03,+7.135678E-03
+1.462750E-03,+7.135678E-03
+1.464200E-03,+7.135678E-03
+1.465650E-03,+7.135678E-03
+1.467100E-03,+7.135678E-03
+1.468550E-03,+7.135678E-03
+1.470000E-03,+7.135678E-03
+1.471450E-03,+7.135678E-03
+1.472900E-03,+7.135678E-03
+1.474350E-03,+7.135678E-03
+1.475800E-03,+7.135678E-03
+1.477250E-03,+20.000000E-03
+1.478700E-03,-904.523E-06
+1.480150E-03,+7.135678E-03
+1.481600E-03,+7.135678E-03
+1.483050E-03,-5.728643E-03
+1.484500E-03,+7.135678E-03
+1.485950E-03,+7.135678E-03
+1.487400E-03,+3.115578E-03
+1.488850E-03,+5.527638E-03
+1.490300E-03,-5.728643E-03
+1.491750E-03,-5.728643E-03
+1.493200E-03,-5.728643E-03
+1.494650E-03,+7.135678E-03
+1.496100E-03,-5.728643E-03
+1.497550E-03,+7.135678E-03
+1.499000E-03,-5.728643E-03
+1.500450E-03,-16.180905E-03
+1.501900E-03,-5.728643E-03
+1.503350E-03,-18.592965E-03
+1.504800E-03,-13.768844E-03
+1.506250E-03,-7.336684E-03
+1.507700E-03,-18.592965E-03
+1.509150E-03,-7.336684E-03
+1.510600E-03,-18.592965E-03
+1.512050E-03,-20.201005E-03
+1.513500E-03,-18.592965E-03
+1.514950E-03,-18.592965E-03
+1.516400E-03,-18.592965E-03
+1.517850E-03,-18.592965E-03
+1.519300E-03,-22.613065E-03
+1.520750E-03,-18.592965E-03
+1.522200E-03,-18.592965E-03
+1.523650E-03,-20.201005E-03
+1.525100E-03,-18.592965E-03
+1.526550E-03,-29.045226E-03
+1.528000E-03,-22.613065E-03
+1.529450E-03,-31.457286E-03
+1.530900E-03,-31.457286E-03
+1.532350E-03,-20.201005E-03
+1.533800E-03,-18.592965E-03
+1.535250E-03,-29.045226E-03
+1.536700E-03,-18.592965E-03
+1.538150E-03,-18.592965E-03
+1.539600E-03,-9.748744E-03
+1.541050E-03,-7.336684E-03
+1.542500E-03,-5.728643E-03
+1.543950E-03,-5.728643E-03
+1.545400E-03,-904.523E-06
+1.546850E-03,+5.527638E-03
+1.548300E-03,+7.135678E-03
+1.549750E-03,+7.135678E-03
+1.551200E-03,+20.000000E-03
+1.552650E-03,+21.608040E-03
+1.554100E-03,+32.864321E-03
+1.555550E-03,+32.864321E-03
+1.557000E-03,+45.728642E-03
+1.558450E-03,+58.592964E-03
+1.559900E-03,+71.457285E-03
+1.561350E-03,+73.065326E-03
+1.562800E-03,+84.321607E-03
+1.564250E-03,+97.185928E-03
+1.565700E-03,+101.206029E-03
+1.567150E-03,+111.658290E-03
+1.568600E-03,+122.914571E-03
+1.570050E-03,+135.778893E-03
+1.571500E-03,+152.663315E-03
+1.572950E-03,+148.643214E-03
+1.574400E-03,+174.371857E-03
+1.575850E-03,+174.371857E-03
+1.577300E-03,+191.256279E-03
+1.578750E-03,+210.552761E-03
+1.580200E-03,+221.005023E-03
+1.581650E-03,+238.693465E-03
+1.583100E-03,+238.693465E-03
+1.584550E-03,+251.557786E-03
+1.586000E-03,+259.597987E-03
+1.587450E-03,+277.286429E-03
+1.588900E-03,+290.150750E-03
+1.590350E-03,+290.150750E-03
+1.591800E-03,+315.879393E-03
+1.593250E-03,+326.331655E-03
+1.594700E-03,+328.743715E-03
+1.596150E-03,+343.216076E-03
+1.597600E-03,+349.648237E-03
+1.599050E-03,+367.336679E-03
+1.600500E-03,+380.201001E-03
+1.601950E-03,+393.065322E-03
+1.603400E-03,+393.065322E-03
+1.604850E-03,+416.381905E-03
+1.606300E-03,+418.793965E-03
+1.607750E-03,+420.402005E-03
+1.609200E-03,+435.678387E-03
+1.610650E-03,+446.130648E-03
+1.612100E-03,+465.427130E-03
+1.613550E-03,+470.251251E-03
+1.615000E-03,+483.115572E-03
+1.616450E-03,+495.979894E-03
+1.617900E-03,+495.979894E-03
+1.619350E-03,+510.452256E-03
+1.620800E-03,+512.864316E-03
+1.622250E-03,+534.572858E-03
+1.623700E-03,+538.592959E-03
+1.625150E-03,+547.437180E-03
+1.626600E-03,+560.301501E-03
+1.628050E-03,+573.165823E-03
+1.629500E-03,+573.165823E-03
+1.630950E-03,+583.618084E-03
+1.632400E-03,+590.050245E-03
+1.633850E-03,+600.502506E-03
+1.635300E-03,+611.758787E-03
+1.636750E-03,+622.211048E-03
+1.638200E-03,+624.623109E-03
+1.639650E-03,+626.231149E-03
+1.641100E-03,+645.527631E-03
+1.642550E-03,+639.095470E-03
+1.644000E-03,+658.391953E-03
+1.645450E-03,+663.216073E-03
+1.646900E-03,+676.080395E-03
+1.648350E-03,+677.688435E-03
+1.649800E-03,+688.944716E-03
+1.651250E-03,+688.944716E-03
+1.652700E-03,+688.944716E-03
+1.654150E-03,+712.261299E-03
+1.655600E-03,+709.849238E-03
+1.657050E-03,+714.673359E-03
+1.658500E-03,+718.693459E-03
+1.659950E-03,+714.673359E-03
+1.661400E-03,+718.693459E-03
+1.662850E-03,+716.281399E-03
+1.664300E-03,+722.713560E-03
+1.665750E-03,+716.281399E-03
+1.667200E-03,+731.557781E-03
+1.668650E-03,+729.145721E-03
+1.670100E-03,+727.537680E-03
+1.671550E-03,+737.989942E-03
+1.673000E-03,+740.402002E-03
+1.674450E-03,+727.537680E-03
+1.675900E-03,+731.557781E-03
+1.677350E-03,+727.537680E-03
+1.678800E-03,+727.537680E-03
+1.680250E-03,+727.537680E-03
+1.681700E-03,+722.713560E-03
+1.683150E-03,+727.537680E-03
+1.684600E-03,+718.693459E-03
+1.686050E-03,+714.673359E-03
+1.687500E-03,+714.673359E-03
+1.688950E-03,+701.809037E-03
+1.690400E-03,+709.849238E-03
+1.691850E-03,+701.809037E-03
+1.693300E-03,+692.964816E-03
+1.694750E-03,+688.944716E-03
+1.696200E-03,+688.944716E-03
+1.697650E-03,+679.296475E-03
+1.699100E-03,+680.100495E-03
+1.700550E-03,+676.080395E-03
+1.702000E-03,+663.216073E-03
+1.703450E-03,+664.824113E-03
+1.704900E-03,+663.216073E-03
+1.706350E-03,+663.216073E-03
+1.707800E-03,+663.216073E-03
+1.709250E-03,+650.351752E-03
+1.710700E-03,+645.527631E-03
+1.712150E-03,+637.487430E-03
+1.713600E-03,+628.643209E-03
+1.715050E-03,+635.075370E-03
+1.716500E-03,+637.487430E-03
+1.717950E-03,+624.623109E-03
+1.719400E-03,+624.623109E-03
+1.720850E-03,+611.758787E-03
+1.722300E-03,+611.758787E-03
+1.723750E-03,+611.758787E-03
+1.725200E-03,+611.758787E-03
+1.726650E-03,+598.894466E-03
+1.728100E-03,+602.914566E-03
+1.729550E-03,+596.482405E-03
+1.731000E-03,+594.070345E-03
+1.732450E-03,+586.030144E-03
+1.733900E-03,+581.206024E-03
+1.735350E-03,+586.030144E-03
+1.736800E-03,+577.185923E-03
+1.738250E-03,+573.165823E-03
+1.739700E-03,+573.165823E-03
+1.741150E-03,+561.909541E-03
+1.742600E-03,+564.321602E-03
+1.744050E-03,+561.909541E-03
+1.745500E-03,+560.301501E-03
+1.746950E-03,+557.889441E-03
+1.748400E-03,+555.477381E-03
+1.749850E-03,+536.180899E-03
+1.751300E-03,+547.437180E-03
+1.752750E-03,+547.437180E-03
+1.754200E-03,+547.437180E-03
+1.755650E-03,+547.437180E-03
+1.757100E-03,+534.572858E-03
+1.758550E-03,+534.572858E-03
+1.760000E-03,+534.572858E-03
+1.761450E-03,+534.572858E-03
+1.762900E-03,+534.572858E-03
+1.764350E-03,+532.160798E-03
+1.765800E-03,+521.708537E-03
+1.767250E-03,+521.708537E-03
+1.768700E-03,+521.708537E-03
+1.770150E-03,+521.708537E-03
+1.771600E-03,+508.844215E-03
+1.773050E-03,+508.844215E-03
+1.774500E-03,+508.844215E-03
+1.775950E-03,+508.844215E-03
+1.777400E-03,+495.979894E-03
+1.778850E-03,+508.844215E-03
+1.780300E-03,+499.999994E-03
+1.781750E-03,+497.587934E-03
+1.783200E-03,+487.135673E-03
+1.784650E-03,+483.115572E-03
+1.786100E-03,+487.135673E-03
+1.787550E-03,+493.567834E-03
+1.789000E-03,+487.135673E-03
+1.790450E-03,+483.115572E-03
+1.791900E-03,+483.115572E-03
+1.793350E-03,+483.115572E-03
+1.794800E-03,+478.291452E-03
+1.796250E-03,+483.115572E-03
+1.797700E-03,+474.271351E-03
+1.799150E-03,+470.251251E-03
+1.800600E-03,+466.231151E-03
+1.802050E-03,+470.251251E-03
+1.803500E-03,+457.386930E-03
+1.804950E-03,+457.386930E-03
+1.806400E-03,+470.251251E-03
+1.807850E-03,+446.130648E-03
+1.809300E-03,+457.386930E-03
+1.810750E-03,+446.130648E-03
+1.812200E-03,+448.542709E-03
+1.813650E-03,+446.130648E-03
+1.815100E-03,+444.522608E-03
+1.816550E-03,+444.522608E-03
+1.818000E-03,+444.522608E-03
+1.819450E-03,+433.266327E-03
+1.820900E-03,+444.522608E-03
+1.822350E-03,+442.110548E-03
+1.823800E-03,+431.658287E-03
+1.825250E-03,+442.110548E-03
+1.826700E-03,+422.814066E-03
+1.828150E-03,+431.658287E-03
+1.829600E-03,+431.658287E-03
+1.831050E-03,+431.658287E-03
+1.832500E-03,+418.793965E-03
+1.833950E-03,+418.793965E-03
+1.835400E-03,+418.793965E-03
+1.836850E-03,+427.638186E-03
+1.838300E-03,+418.793965E-03
+1.839750E-03,+407.537684E-03
+1.841200E-03,+418.793965E-03
+1.842650E-03,+416.381905E-03
+1.844100E-03,+409.949744E-03
+1.845550E-03,+405.929644E-03
+1.847000E-03,+413.969845E-03
+1.848450E-03,+405.929644E-03
+1.849900E-03,+405.929644E-03
+1.851350E-03,+405.929644E-03
+1.852800E-03,+405.929644E-03
+1.854250E-03,+405.929644E-03
+1.855700E-03,+393.065322E-03
+1.857150E-03,+393.065322E-03
+1.858600E-03,+401.105523E-03
+1.860050E-03,+403.517583E-03
+1.861500E-03,+384.221101E-03
+1.862950E-03,+394.673362E-03
+1.864400E-03,+393.065322E-03
+1.865850E-03,+393.065322E-03
+1.867300E-03,+384.221101E-03
+1.868750E-03,+390.653262E-03
+1.870200E-03,+388.241202E-03
+1.871650E-03,+381.809041E-03
+1.873100E-03,+384.221101E-03
+1.874550E-03,+380.201001E-03
+1.876000E-03,+380.201001E-03
+1.877450E-03,+380.201001E-03
+1.878900E-03,+371.356780E-03
+1.880350E-03,+380.201001E-03
+1.881800E-03,+371.356780E-03
+1.883250E-03,+377.788940E-03
+1.884700E-03,+375.376880E-03
+1.886150E-03,+367.336679E-03
+1.887600E-03,+367.336679E-03
+1.889050E-03,+367.336679E-03
+1.890500E-03,+358.492458E-03
+1.891950E-03,+367.336679E-03
+1.893400E-03,+354.472358E-03
+1.894850E-03,+352.060298E-03
+1.896300E-03,+354.472358E-03
+1.897750E-03,+352.060298E-03
+1.899200E-03,+345.628137E-03
+1.900650E-03,+341.608036E-03
+1.902100E-03,+345.628137E-03
+1.903550E-03,+341.608036E-03
+1.905000E-03,+336.783916E-03
+1.906450E-03,+330.351755E-03
+1.907900E-03,+328.743715E-03
+1.909350E-03,+328.743715E-03
+1.910800E-03,+332.763815E-03
+1.912250E-03,+328.743715E-03
+1.913700E-03,+328.743715E-03
+1.915150E-03,+317.487434E-03
+1.916600E-03,+328.743715E-03
+1.918050E-03,+326.331655E-03
+1.919500E-03,+323.919594E-03
+1.920950E-03,+317.487434E-03
+1.922400E-03,+315.879393E-03
+1.923850E-03,+304.623112E-03
+1.925300E-03,+315.879393E-03
+1.926750E-03,+304.623112E-03
+1.928200E-03,+303.015072E-03
+1.929650E-03,+303.015072E-03
+1.931100E-03,+303.015072E-03
+1.932550E-03,+303.015072E-03
+1.934000E-03,+303.015072E-03
+1.935450E-03,+303.015072E-03
+1.936900E-03,+298.190951E-03
+1.938350E-03,+303.015072E-03
+1.939800E-03,+290.150750E-03
+1.941250E-03,+303.015072E-03
+1.942700E-03,+294.170851E-03
+1.944150E-03,+290.150750E-03
+1.945600E-03,+290.150750E-03
+1.947050E-03,+278.894469E-03
+1.948500E-03,+290.150750E-03
+1.949950E-03,+277.286429E-03
+1.951400E-03,+281.306529E-03
+1.952850E-03,+287.738690E-03
+1.954300E-03,+277.286429E-03
+1.955750E-03,+287.738690E-03
+1.957200E-03,+277.286429E-03
+1.958650E-03,+277.286429E-03
+1.960100E-03,+277.286429E-03
+1.961550E-03,+277.286429E-03
+1.963000E-03,+268.442208E-03
+1.964450E-03,+274.874369E-03
+1.965900E-03,+268.442208E-03
+1.967350E-03,+274.874369E-03
+1.968800E-03,+272.462308E-03
+1.970250E-03,+264.422107E-03
+1.971700E-03,+264.422107E-03
+1.973150E-03,+264.422107E-03
+1.974600E-03,+268.442208E-03
+1.976050E-03,+264.422107E-03
+1.977500E-03,+264.422107E-03
+1.978950E-03,+264.422107E-03
+1.980400E-03,+264.422107E-03
+1.981850E-03,+262.010047E-03
+1.983300E-03,+259.597987E-03
+1.984750E-03,+251.557786E-03
+1.986200E-03,+268.442208E-03
+1.987650E-03,+251.557786E-03
+1.989100E-03,+259.597987E-03
+1.990550E-03,+264.422107E-03
+1.992000E-03,+251.557786E-03
+1.993450E-03,+262.010047E-03
+1.994900E-03,+251.557786E-03
+1.996350E-03,+251.557786E-03
+1.997800E-03,+264.422107E-03
+1.999250E-03,+251.557786E-03
+2.000700E-03,+251.557786E-03
+2.002150E-03,+251.557786E-03
+2.003600E-03,+251.557786E-03
+2.005050E-03,+249.145726E-03
+2.006500E-03,+246.733665E-03
+2.007950E-03,+251.557786E-03
+2.009400E-03,+251.557786E-03
+2.010850E-03,+240.301505E-03
+2.012300E-03,+238.693465E-03
+2.013750E-03,+249.145726E-03
+2.015200E-03,+238.693465E-03
+2.016650E-03,+238.693465E-03
+2.018100E-03,+238.693465E-03
+2.019550E-03,+238.693465E-03
+2.021000E-03,+238.693465E-03
+2.022450E-03,+238.693465E-03
+2.023900E-03,+225.829143E-03
+2.025350E-03,+238.693465E-03
+2.026800E-03,+233.869344E-03
+2.028250E-03,+236.281404E-03
+2.029700E-03,+233.869344E-03
+2.031150E-03,+225.829143E-03
+2.032600E-03,+238.693465E-03
+2.034050E-03,+225.829143E-03
+2.035500E-03,+233.869344E-03
+2.036950E-03,+223.417083E-03
+2.038400E-03,+225.829143E-03
+2.039850E-03,+223.417083E-03
+2.041300E-03,+221.005023E-03
+2.042750E-03,+212.964822E-03
+2.044200E-03,+212.964822E-03
+2.045650E-03,+212.964822E-03
+2.047100E-03,+216.984922E-03
+2.048550E-03,+212.964822E-03
+2.050000E-03,+212.964822E-03
+2.051450E-03,+212.964822E-03
+2.052900E-03,+208.140701E-03
+2.054350E-03,+210.552761E-03
+2.055800E-03,+204.120601E-03
+2.057250E-03,+201.708540E-03
+2.058700E-03,+204.120601E-03
+2.060150E-03,+201.708540E-03
+2.061600E-03,+208.140701E-03
+2.063050E-03,+201.708540E-03
+2.064500E-03,+204.120601E-03
+2.065950E-03,+188.844219E-03
+2.067400E-03,+200.100500E-03
+2.068850E-03,+200.100500E-03
+2.070300E-03,+200.100500E-03
+2.071750E-03,+187.236179E-03
+2.073200E-03,+191.256279E-03
+2.074650E-03,+197.688440E-03
+2.076100E-03,+195.276380E-03
+2.077550E-03,+200.100500E-03
+2.079000E-03,+187.236179E-03
+2.080450E-03,+187.236179E-03
+2.081900E-03,+191.256279E-03
+2.083350E-03,+184.824118E-03
+2.084800E-03,+195.276380E-03
+2.086250E-03,+184.824118E-03
+2.087700E-03,+187.236179E-03
+2.089150E-03,+187.236179E-03
+2.090600E-03,+187.236179E-03
+2.092050E-03,+187.236179E-03
+2.093500E-03,+182.412058E-03
+2.094950E-03,+174.371857E-03
+2.096400E-03,+178.391958E-03
+2.097850E-03,+184.824118E-03
+2.099300E-03,+174.371857E-03
+2.100750E-03,+174.371857E-03
+2.102200E-03,+182.412058E-03
+2.103650E-03,+174.371857E-03
+2.105100E-03,+174.371857E-03
+2.106550E-03,+187.236179E-03
+2.108000E-03,+174.371857E-03
+2.109450E-03,+174.371857E-03
+2.110900E-03,+174.371857E-03
+2.112350E-03,+174.371857E-03
+2.113800E-03,+174.371857E-03
+2.115250E-03,+163.115576E-03
+2.116700E-03,+165.527636E-03
+2.118150E-03,+171.959797E-03
+2.119600E-03,+161.507536E-03
+2.121050E-03,+161.507536E-03
+2.122500E-03,+174.371857E-03
+2.123950E-03,+163.115576E-03
+2.125400E-03,+165.527636E-03
+2.126850E-03,+161.507536E-03
+2.128300E-03,+169.547737E-03
+2.129750E-03,+161.507536E-03
+2.131200E-03,+161.507536E-03
+2.132650E-03,+163.115576E-03
+2.134100E-03,+161.507536E-03
+2.135550E-03,+161.507536E-03
+2.137000E-03,+161.507536E-03
+2.138450E-03,+150.251254E-03
+2.139900E-03,+156.683415E-03
+2.141350E-03,+161.507536E-03
+2.142800E-03,+161.507536E-03
+2.144250E-03,+148.643214E-03
+2.145700E-03,+161.507536E-03
+2.147150E-03,+159.095475E-03
+2.148600E-03,+152.663315E-03
+2.150050E-03,+148.643214E-03
+2.151500E-03,+143.819094E-03
+2.152950E-03,+148.643214E-03
+2.154400E-03,+152.663315E-03
+2.155850E-03,+159.095475E-03
+2.157300E-03,+148.643214E-03
+2.158750E-03,+146.231154E-03
+2.160200E-03,+139.798993E-03
+2.161650E-03,+148.643214E-03
+2.163100E-03,+135.778893E-03
+2.164550E-03,+137.386933E-03
+2.166000E-03,+143.819094E-03
+2.167450E-03,+146.231154E-03
+2.168900E-03,+143.819094E-03
+2.170350E-03,+148.643214E-03
+2.171800E-03,+148.643214E-03
+2.173250E-03,+148.643214E-03
+2.174700E-03,+143.819094E-03
+2.176150E-03,+137.386933E-03
+2.177600E-03,+148.643214E-03
+2.179050E-03,+148.643214E-03
+2.180500E-03,+148.643214E-03
+2.181950E-03,+135.778893E-03
+2.183400E-03,+135.778893E-03
+2.184850E-03,+137.386933E-03
+2.186300E-03,+135.778893E-03
+2.187750E-03,+135.778893E-03
+2.189200E-03,+143.819094E-03
+2.190650E-03,+135.778893E-03
+2.192100E-03,+135.778893E-03
+2.193550E-03,+135.778893E-03
+2.195000E-03,+135.778893E-03
+2.196450E-03,+146.231154E-03
+2.197900E-03,+135.778893E-03
+2.199350E-03,+124.522611E-03
+2.200800E-03,+130.954772E-03
+2.202250E-03,+135.778893E-03
+2.203700E-03,+135.778893E-03
+2.205150E-03,+122.914571E-03
+2.206600E-03,+122.914571E-03
+2.208050E-03,+133.366833E-03
+2.209500E-03,+135.778893E-03
+2.210950E-03,+122.914571E-03
+2.212400E-03,+126.130652E-03
+2.213850E-03,+122.914571E-03
+2.215300E-03,+114.070350E-03
+2.216750E-03,+122.914571E-03
+2.218200E-03,+122.914571E-03
+2.219650E-03,+133.366833E-03
+2.221100E-03,+122.914571E-03
+2.222550E-03,+122.914571E-03
+2.224000E-03,+118.090451E-03
+2.225450E-03,+120.502511E-03
+2.226900E-03,+118.090451E-03
+2.228350E-03,+122.914571E-03
+2.229800E-03,+110.050250E-03
+2.231250E-03,+110.050250E-03
+2.232700E-03,+118.090451E-03
+2.234150E-03,+110.050250E-03
+2.235600E-03,+110.050250E-03
+2.237050E-03,+120.502511E-03
+2.238500E-03,+110.050250E-03
+2.239950E-03,+110.050250E-03
+2.241400E-03,+110.050250E-03
+2.242850E-03,+97.185928E-03
+2.244300E-03,+105.226129E-03
+2.245750E-03,+98.793969E-03
+2.247200E-03,+105.226129E-03
+2.248650E-03,+98.793969E-03
+2.250100E-03,+105.226129E-03
+2.251550E-03,+110.050250E-03
+2.253000E-03,+97.185928E-03
+2.254450E-03,+97.185928E-03
+2.255900E-03,+101.206029E-03
+2.257350E-03,+107.638190E-03
+2.258800E-03,+105.226129E-03
+2.260250E-03,+107.638190E-03
+2.261700E-03,+101.206029E-03
+2.263150E-03,+98.793969E-03
+2.264600E-03,+97.185928E-03
+2.266050E-03,+98.793969E-03
+2.267500E-03,+110.050250E-03
+2.268950E-03,+107.638190E-03
+2.270400E-03,+97.185928E-03
+2.271850E-03,+98.793969E-03
+2.273300E-03,+97.185928E-03
+2.274750E-03,+97.185928E-03
+2.276200E-03,+97.185928E-03
+2.277650E-03,+97.185928E-03
+2.279100E-03,+88.341707E-03
+2.280550E-03,+97.185928E-03
+2.282000E-03,+97.185928E-03
+2.283450E-03,+97.185928E-03
+2.284900E-03,+105.226129E-03
+2.286350E-03,+106.030149E-03
+2.287800E-03,+97.185928E-03
+2.289250E-03,+97.185928E-03
+2.290700E-03,+97.185928E-03
+2.292150E-03,+97.185928E-03
+2.293600E-03,+92.361808E-03
+2.295050E-03,+97.185928E-03
+2.296500E-03,+97.185928E-03
+2.297950E-03,+97.185928E-03
+2.299400E-03,+97.185928E-03
+2.300850E-03,+97.185928E-03
+2.302300E-03,+97.185928E-03
+2.303750E-03,+94.773868E-03
+2.305200E-03,+97.185928E-03
+2.306650E-03,+94.773868E-03
+2.308100E-03,+97.185928E-03
+2.309550E-03,+94.773868E-03
+2.311000E-03,+93.165828E-03
+2.312450E-03,+85.929647E-03
+2.313900E-03,+84.321607E-03
+2.315350E-03,+94.773868E-03
+2.316800E-03,+88.341707E-03
+2.318250E-03,+84.321607E-03
+2.319700E-03,+84.321607E-03
+2.321150E-03,+81.909547E-03
+2.322600E-03,+84.321607E-03
+2.324050E-03,+85.929647E-03
+2.325500E-03,+84.321607E-03
+2.326950E-03,+84.321607E-03
+2.328400E-03,+84.321607E-03
+2.329850E-03,+84.321607E-03
+2.331300E-03,+84.321607E-03
+2.332750E-03,+84.321607E-03
+2.334200E-03,+84.321607E-03
+2.335650E-03,+81.909547E-03
+2.337100E-03,+84.321607E-03
+2.338550E-03,+85.929647E-03
+2.340000E-03,+84.321607E-03
+2.341450E-03,+85.929647E-03
+2.342900E-03,+84.321607E-03
+2.344350E-03,+84.321607E-03
+2.345800E-03,+79.497486E-03
+2.347250E-03,+73.065326E-03
+2.348700E-03,+75.477386E-03
+2.350150E-03,+71.457285E-03
+2.351600E-03,+79.497486E-03
+2.353050E-03,+81.909547E-03
+2.354500E-03,+75.477386E-03
+2.355950E-03,+73.065326E-03
+2.357400E-03,+71.457285E-03
+2.358850E-03,+73.065326E-03
+2.360300E-03,+75.477386E-03
+2.361750E-03,+71.457285E-03
+2.363200E-03,+71.457285E-03
+2.364650E-03,+71.457285E-03
+2.366100E-03,+71.457285E-03
+2.367550E-03,+71.457285E-03
+2.369000E-03,+75.477386E-03
+2.370450E-03,+71.457285E-03
+2.371900E-03,+71.457285E-03
+2.373350E-03,+71.457285E-03
+2.374800E-03,+58.592964E-03
+2.376250E-03,+60.201004E-03
+2.377700E-03,+71.457285E-03
+2.379150E-03,+71.457285E-03
+2.380600E-03,+71.457285E-03
+2.382050E-03,+60.201004E-03
+2.383500E-03,+66.633165E-03
+2.384950E-03,+71.457285E-03
+2.386400E-03,+58.592964E-03
+2.387850E-03,+58.592964E-03
+2.389300E-03,+58.592964E-03
+2.390750E-03,+71.457285E-03
+2.392200E-03,+62.613064E-03
+2.393650E-03,+71.457285E-03
+2.395100E-03,+62.613064E-03
+2.396550E-03,+58.592964E-03
+2.398000E-03,+58.592964E-03
+2.399450E-03,+58.592964E-03
+2.400900E-03,+62.613064E-03
+2.402350E-03,+58.592964E-03
+2.403800E-03,+58.592964E-03
+2.405250E-03,+58.592964E-03
+2.406700E-03,+58.592964E-03
+2.408150E-03,+58.592964E-03
+2.409600E-03,+58.592964E-03
+2.411050E-03,+58.592964E-03
+2.412500E-03,+58.592964E-03
+2.413950E-03,+58.592964E-03
+2.415400E-03,+58.592964E-03
+2.416850E-03,+45.728642E-03
+2.418300E-03,+58.592964E-03
+2.419750E-03,+58.592964E-03
+2.421200E-03,+49.748743E-03
+2.422650E-03,+45.728642E-03
+2.424100E-03,+58.592964E-03
+2.425550E-03,+47.336683E-03
+2.427000E-03,+58.592964E-03
+2.428450E-03,+58.592964E-03
+2.429900E-03,+53.768843E-03
+2.431350E-03,+58.592964E-03
+2.432800E-03,+49.748743E-03
+2.434250E-03,+47.336683E-03
+2.435700E-03,+62.613064E-03
+2.437150E-03,+56.180904E-03
+2.438600E-03,+49.748743E-03
+2.440050E-03,+58.592964E-03
+2.441500E-03,+58.592964E-03
+2.442950E-03,+47.336683E-03
+2.444400E-03,+58.592964E-03
+2.445850E-03,+58.592964E-03
+2.447300E-03,+58.592964E-03
+2.448750E-03,+45.728642E-03
+2.450200E-03,+45.728642E-03
+2.451650E-03,+56.180904E-03
+2.453100E-03,+45.728642E-03
+2.454550E-03,+58.592964E-03
+2.456000E-03,+49.748743E-03
+2.457450E-03,+47.336683E-03
+2.458900E-03,+45.728642E-03
+2.460350E-03,+56.180904E-03
+2.461800E-03,+53.768843E-03
+2.463250E-03,+56.180904E-03
+2.464700E-03,+53.768843E-03
+2.466150E-03,+45.728642E-03
+2.467600E-03,+45.728642E-03
+2.469050E-03,+47.336683E-03
+2.470500E-03,+45.728642E-03
+2.471950E-03,+45.728642E-03
+2.473400E-03,+45.728642E-03
+2.474850E-03,+45.728642E-03
+2.476300E-03,+45.728642E-03
+2.477750E-03,+45.728642E-03
+2.479200E-03,+45.728642E-03
+2.480650E-03,+32.864321E-03
+2.482100E-03,+36.884421E-03
+2.483550E-03,+45.728642E-03
+2.485000E-03,+45.728642E-03
+2.486450E-03,+45.728642E-03
+2.487900E-03,+45.728642E-03
+2.489350E-03,+45.728642E-03
+2.490800E-03,+40.904522E-03
+2.492250E-03,+45.728642E-03
+2.493700E-03,+45.728642E-03
+2.495150E-03,+34.472361E-03
+2.496600E-03,+36.884421E-03
+2.498050E-03,+34.472361E-03
+2.499500E-03,+45.728642E-03
+2.500950E-03,+45.728642E-03
+2.502400E-03,+45.728642E-03
+2.503850E-03,+45.728642E-03
+2.505300E-03,+36.884421E-03
+2.506750E-03,+45.728642E-03
+2.508200E-03,+45.728642E-03
+2.509650E-03,+45.728642E-03
+2.511100E-03,+32.864321E-03
+2.512550E-03,+34.472361E-03
+2.514000E-03,+45.728642E-03
+2.515450E-03,+45.728642E-03
+2.516900E-03,+36.884421E-03
+2.518350E-03,+45.728642E-03
+2.519800E-03,+45.728642E-03
+2.521250E-03,+34.472361E-03
+2.522700E-03,+32.864321E-03
+2.524150E-03,+45.728642E-03
+2.525600E-03,+40.904522E-03
+2.527050E-03,+34.472361E-03
+2.528500E-03,+45.728642E-03
+2.529950E-03,+32.864321E-03
+2.531400E-03,+45.728642E-03
+2.532850E-03,+32.864321E-03
+2.534300E-03,+32.864321E-03
+2.535750E-03,+43.316582E-03
+2.537200E-03,+45.728642E-03
+2.538650E-03,+45.728642E-03
+2.540100E-03,+32.864321E-03
+2.541550E-03,+34.472361E-03
+2.543000E-03,+32.864321E-03
+2.544450E-03,+32.864321E-03
+2.545900E-03,+45.728642E-03
+2.547350E-03,+43.316582E-03
+2.548800E-03,+32.864321E-03
+2.550250E-03,+32.864321E-03
+2.551700E-03,+36.884421E-03
+2.553150E-03,+34.472361E-03
+2.554600E-03,+45.728642E-03
+2.556050E-03,+43.316582E-03
+2.557500E-03,+45.728642E-03
+2.558950E-03,+43.316582E-03
+2.560400E-03,+36.884421E-03
+2.561850E-03,+43.316582E-03
+2.563300E-03,+32.864321E-03
+2.564750E-03,+32.864321E-03
+2.566200E-03,+45.728642E-03
+2.567650E-03,+43.316582E-03
+2.569100E-03,+32.864321E-03
+2.570550E-03,+32.864321E-03
+2.572000E-03,+24.020100E-03
+2.573450E-03,+43.316582E-03
+2.574900E-03,+36.884421E-03
+2.576350E-03,+32.864321E-03
+2.577800E-03,+32.864321E-03
+2.579250E-03,+21.608040E-03
+2.580700E-03,+32.864321E-03
+2.582150E-03,+21.608040E-03
+2.583600E-03,+32.864321E-03
+2.585050E-03,+32.864321E-03
+2.586500E-03,+24.020100E-03
+2.587950E-03,+30.452261E-03
+2.589400E-03,+32.864321E-03
+2.590850E-03,+32.864321E-03
+2.592300E-03,+32.864321E-03
+2.593750E-03,+32.864321E-03
+2.595200E-03,+36.884421E-03
+2.596650E-03,+30.452261E-03
+2.598100E-03,+32.864321E-03
+2.599550E-03,+21.608040E-03
+2.601000E-03,+32.864321E-03
+2.602450E-03,+32.864321E-03
+2.603900E-03,+20.000000E-03
+2.605350E-03,+32.864321E-03
+2.606800E-03,+32.864321E-03
+2.608250E-03,+21.608040E-03
+2.609700E-03,+32.864321E-03
+2.611150E-03,+32.864321E-03
+2.612600E-03,+32.864321E-03
+2.614050E-03,+30.452261E-03
+2.615500E-03,+32.864321E-03
+2.616950E-03,+21.608040E-03
+2.618400E-03,+28.040200E-03
+2.619850E-03,+32.864321E-03
+2.621300E-03,+32.864321E-03
+2.622750E-03,+32.864321E-03
+2.624200E-03,+28.040200E-03
+2.625650E-03,+32.864321E-03
+2.627100E-03,+32.864321E-03
+2.628550E-03,+23.216080E-03
+2.630000E-03,+20.000000E-03
+2.631450E-03,+30.452261E-03
+2.632900E-03,+28.040200E-03
+2.634350E-03,+21.608040E-03
+2.635800E-03,+32.864321E-03
+2.637250E-03,+20.000000E-03
+2.638700E-03,+32.864321E-03
+2.640150E-03,+32.864321E-03
+2.641600E-03,+20.000000E-03
+2.643050E-03,+30.452261E-03
+2.644500E-03,+24.020100E-03
+2.645950E-03,+30.452261E-03
+2.647400E-03,+20.000000E-03
+2.648850E-03,+32.864321E-03
+2.650300E-03,+28.040200E-03
+2.651750E-03,+20.000000E-03
+2.653200E-03,+20.000000E-03
+2.654650E-03,+21.608040E-03
+2.656100E-03,+20.000000E-03
+2.657550E-03,+30.452261E-03
+2.659000E-03,+20.000000E-03
+2.660450E-03,+30.452261E-03
+2.661900E-03,+28.040200E-03
+2.663350E-03,+21.608040E-03
+2.664800E-03,+28.040200E-03
+2.666250E-03,+30.452261E-03
+2.667700E-03,+24.020100E-03
+2.669150E-03,+20.000000E-03
+2.670600E-03,+32.864321E-03
+2.672050E-03,+30.452261E-03
+2.673500E-03,+24.020100E-03
+2.674950E-03,+30.452261E-03
+2.676400E-03,+28.040200E-03
+2.677850E-03,+32.864321E-03
+2.679300E-03,+20.000000E-03
+2.680750E-03,+20.000000E-03
+2.682200E-03,+20.000000E-03
+2.683650E-03,+21.608040E-03
+2.685100E-03,+20.000000E-03
+2.686550E-03,+30.452261E-03
+2.688000E-03,+20.000000E-03
+2.689450E-03,+20.000000E-03
+2.690900E-03,+20.000000E-03
+2.692350E-03,+20.000000E-03
+2.693800E-03,+20.000000E-03
+2.695250E-03,+20.000000E-03
+2.696700E-03,+24.020100E-03
+2.698150E-03,+20.000000E-03
+2.699600E-03,+20.000000E-03
+2.701050E-03,+20.000000E-03
+2.702500E-03,+15.979899E-03
+2.703950E-03,+30.452261E-03
+2.705400E-03,+20.000000E-03
+2.706850E-03,+20.000000E-03
+2.708300E-03,+20.000000E-03
+2.709750E-03,+18.391959E-03
+2.711200E-03,+20.000000E-03
+2.712650E-03,+20.000000E-03
+2.714100E-03,+24.020100E-03
+2.715550E-03,+20.000000E-03
+2.717000E-03,+20.000000E-03
+2.718450E-03,+20.000000E-03
+2.719900E-03,+20.000000E-03
+2.721350E-03,+20.000000E-03
+2.722800E-03,+20.000000E-03
+2.724250E-03,+30.452261E-03
+2.725700E-03,+20.000000E-03
+2.727150E-03,+30.452261E-03
+2.728600E-03,+20.000000E-03
+2.730050E-03,+28.844221E-03
+2.731500E-03,+20.000000E-03
+2.732950E-03,+20.000000E-03
+2.734400E-03,+20.000000E-03
+2.735850E-03,+20.000000E-03
+2.737300E-03,+20.000000E-03
+2.738750E-03,+20.000000E-03
+2.740200E-03,+20.000000E-03
+2.741650E-03,+18.391959E-03
+2.743100E-03,+20.000000E-03
+2.744550E-03,+20.000000E-03
+2.746000E-03,+24.020100E-03
+2.747450E-03,+20.000000E-03
+2.748900E-03,+20.000000E-03
+2.750350E-03,+20.000000E-03
+2.751800E-03,+20.000000E-03
+2.753250E-03,+20.000000E-03
+2.754700E-03,+15.979899E-03
+2.756150E-03,+21.608040E-03
+2.757600E-03,+20.000000E-03
+2.759050E-03,+20.000000E-03
+2.760500E-03,+20.000000E-03
+2.761950E-03,+20.000000E-03
+2.763400E-03,+28.040200E-03
+2.764850E-03,+20.000000E-03
+2.766300E-03,+20.000000E-03
+2.767750E-03,+21.608040E-03
+2.769200E-03,+20.000000E-03
+2.770650E-03,+21.608040E-03
+2.772100E-03,+20.000000E-03
+2.773550E-03,
