#x-axis	2
#second	Volt
-153.000E-03	-128.653E-03
-152.000E-03	-128.653E-03
-151.000E-03	-73.980E-03
-150.000E-03	-73.980E-03
-149.000E-03	-73.980E-03
-148.000E-03	-73.980E-03
-147.000E-03	-73.980E-03
-146.000E-03	-73.980E-03
-145.000E-03	-73.980E-03
-144.000E-03	-73.980E-03
-143.000E-03	-73.980E-03
-142.000E-03	-73.980E-03
-141.000E-03	-73.980E-03
-140.000E-03	-73.980E-03
-139.000E-03	-77.397E-03
-138.000E-03	-128.653E-03
-137.000E-03	-73.980E-03
-136.000E-03	-73.980E-03
-135.000E-03	-73.980E-03
-134.000E-03	-73.980E-03
-133.000E-03	-73.980E-03
-132.000E-03	-77.397E-03
-131.000E-03	-128.653E-03
-130.000E-03	-73.980E-03
-129.000E-03	-128.653E-03
-128.000E-03	-73.980E-03
-127.000E-03	-73.980E-03
-126.000E-03	-73.980E-03
-125.000E-03	-73.980E-03
-124.000E-03	-73.980E-03
-123.000E-03	-73.980E-03
-122.000E-03	-22.724E-03
-121.000E-03	-73.980E-03
-120.000E-03	-73.980E-03
-119.000E-03	-73.980E-03
-118.000E-03	-73.980E-03
-117.000E-03	-73.980E-03
-116.000E-03	-73.980E-03
-115.000E-03	-73.980E-03
-114.000E-03	-73.980E-03
-113.000E-03	-73.980E-03
-112.000E-03	-128.653E-03
-111.000E-03	-73.980E-03
-110.000E-03	-77.397E-03
-109.000E-03	-77.397E-03
-108.000E-03	-73.980E-03
-107.000E-03	-73.980E-03
-106.000E-03	-73.980E-03
-105.000E-03	-73.980E-03
-104.000E-03	-73.980E-03
-103.000E-03	-73.980E-03
-102.000E-03	-77.397E-03
-101.000E-03	-77.397E-03
-100.000E-03	-77.397E-03
-99.000E-03	-73.980E-03
-98.000E-03	-73.980E-03
-97.000E-03	-73.980E-03
-96.000E-03	-73.980E-03
-95.000E-03	-128.653E-03
-94.000E-03	-73.980E-03
-93.000E-03	-128.653E-03
-92.000E-03	-73.980E-03
-91.000E-03	-73.980E-03
-90.000E-03	-73.980E-03
-89.000E-03	-73.980E-03
-88.000E-03	-73.980E-03
-87.000E-03	-73.980E-03
-86.000E-03	-77.397E-03
-85.000E-03	-73.980E-03
-84.000E-03	-77.397E-03
-83.000E-03	-73.980E-03
-82.000E-03	-73.980E-03
-81.000E-03	-73.980E-03
-80.000E-03	-128.653E-03
-79.000E-03	-77.397E-03
-78.000E-03	-73.980E-03
-77.000E-03	-73.980E-03
-76.000E-03	-128.653E-03
-75.000E-03	-128.653E-03
-74.000E-03	-73.980E-03
-73.000E-03	-73.980E-03
-72.000E-03	-73.980E-03
-71.000E-03	-73.980E-03
-70.000E-03	-73.980E-03
-69.000E-03	-73.980E-03
-68.000E-03	-73.980E-03
-67.000E-03	-73.980E-03
-66.000E-03	-73.980E-03
-65.000E-03	-73.980E-03
-64.000E-03	-73.980E-03
-63.000E-03	-128.653E-03
-62.000E-03	-73.980E-03
-61.000E-03	-73.980E-03
-60.000E-03	-73.980E-03
-59.000E-03	-73.980E-03
-58.000E-03	-73.980E-03
-57.000E-03	-73.980E-03
-56.000E-03	-73.980E-03
-55.000E-03	-77.397E-03
-54.000E-03	-77.397E-03
-53.000E-03	-128.653E-03
-52.000E-03	-73.980E-03
-51.000E-03	-73.980E-03
-50.000E-03	-73.980E-03
-49.000E-03	-77.397E-03
-48.000E-03	-73.980E-03
-47.000E-03	-128.653E-03
-46.000E-03	-73.980E-03
-45.000E-03	-73.980E-03
-44.000E-03	-73.980E-03
-43.000E-03	-73.980E-03
-42.000E-03	-128.653E-03
-41.000E-03	-73.980E-03
-40.000E-03	-73.980E-03
-39.000E-03	-73.980E-03
-38.000E-03	-73.980E-03
-37.000E-03	-73.980E-03
-36.000E-03	-73.980E-03
-35.000E-03	-73.980E-03
-34.000E-03	-22.724E-03
-33.000E-03	-73.980E-03
-32.000E-03	-73.980E-03
-31.000E-03	-77.397E-03
-30.000E-03	-73.980E-03
-29.000E-03	-73.980E-03
-28.000E-03	-73.980E-03
-27.000E-03	-73.980E-03
-26.000E-03	-77.397E-03
-25.000E-03	-73.980E-03
-24.000E-03	-73.980E-03
-23.000E-03	-128.653E-03
-22.000E-03	-73.980E-03
-21.000E-03	-73.980E-03
-20.000E-03	-73.980E-03
-19.000E-03	-73.980E-03
-18.000E-03	-73.980E-03
-17.000E-03	-73.980E-03
-16.000E-03	-73.980E-03
-15.000E-03	-73.980E-03
-14.000E-03	-73.980E-03
-13.000E-03	-73.980E-03
-12.000E-03	-128.653E-03
-11.000E-03	-73.980E-03
-10.000E-03	-73.980E-03
-9.000E-03	-73.980E-03
-8.000E-03	-73.980E-03
-7.000E-03	-73.980E-03
-6.000E-03	-73.980E-03
-5.000E-03	-73.980E-03
-4.000E-03	-128.653E-03
-3.000E-03	-73.980E-03
-2.000E-03	-73.980E-03
-1.000E-03	-73.980E-03
+0.0E+00	+582.100E-03
+1.000E-03	+2.601598E+00
+2.000E-03	+852.050E-03
+3.000E-03	+250.643E-03
+4.000E-03	-22.724E-03
+5.000E-03	-132.070E-03
+6.000E-03	-238.000E-03
+7.000E-03	-183.327E-03
+8.000E-03	-73.980E-03
+9.000E-03	-128.653E-03
+10.000E-03	-183.327E-03
+11.000E-03	-186.744E-03
+12.000E-03	-128.653E-03
+13.000E-03	+90.040E-03
+14.000E-03	+527.427E-03
+15.000E-03	+1.839588E+00
+16.000E-03	+4.682603E+00
+17.000E-03	+1.945518E+00
+18.000E-03	+469.337E-03
+19.000E-03	+35.367E-03
+20.000E-03	-183.327E-03
+21.000E-03	-238.000E-03
+22.000E-03	-238.000E-03
+23.000E-03	-183.327E-03
+24.000E-03	-183.327E-03
+25.000E-03	-238.000E-03
+26.000E-03	-186.744E-03
+27.000E-03	-238.000E-03
+28.000E-03	-183.327E-03
+29.000E-03	-19.307E-03
+30.000E-03	+472.754E-03
+31.000E-03	+2.222301E+00
+32.000E-03	+4.515166E+00
+33.000E-03	+1.726824E+00
+34.000E-03	+524.010E-03
+35.000E-03	+35.367E-03
+36.000E-03	-128.653E-03
+37.000E-03	-186.744E-03
+38.000E-03	-238.000E-03
+39.000E-03	-128.653E-03
+40.000E-03	-22.724E-03
+41.000E-03	-183.327E-03
+42.000E-03	-238.000E-03
+43.000E-03	-183.327E-03
+44.000E-03	-73.980E-03
+45.000E-03	+195.970E-03
+46.000E-03	+746.121E-03
+47.000E-03	+2.933055E+00
+48.000E-03	+3.913759E+00
+49.000E-03	+1.180090E+00
+50.000E-03	+254.060E-03
+51.000E-03	-19.307E-03
+52.000E-03	-183.327E-03
+53.000E-03	-238.000E-03
+54.000E-03	-238.000E-03
+55.000E-03	-238.000E-03
+56.000E-03	-238.000E-03
+57.000E-03	-238.000E-03
+58.000E-03	-238.000E-03
+59.000E-03	-238.000E-03
+60.000E-03	-128.653E-03
+61.000E-03	+144.714E-03
+62.000E-03	+855.467E-03
+63.000E-03	+3.589136E+00
+64.000E-03	+3.203005E+00
+65.000E-03	+1.016070E+00
+66.000E-03	+254.060E-03
+67.000E-03	-19.307E-03
+68.000E-03	-132.070E-03
+69.000E-03	-186.744E-03
+70.000E-03	-183.327E-03
+71.000E-03	-19.307E-03
+72.000E-03	-73.980E-03
+73.000E-03	-186.744E-03
+74.000E-03	-183.327E-03
+75.000E-03	-128.653E-03
+76.000E-03	+35.367E-03
+77.000E-03	+308.734E-03
+78.000E-03	+1.292854E+00
+79.000E-03	+4.190543E+00
+80.000E-03	+2.492251E+00
+81.000E-03	+636.774E-03
+82.000E-03	+90.040E-03
+83.000E-03	-128.653E-03
+84.000E-03	-186.744E-03
+85.000E-03	-238.000E-03
+86.000E-03	-238.000E-03
+87.000E-03	-186.744E-03
+88.000E-03	-238.000E-03
+89.000E-03	-238.000E-03
+90.000E-03	-238.000E-03
+91.000E-03	-183.327E-03
+92.000E-03	-19.307E-03
+93.000E-03	+363.407E-03
+94.000E-03	+1.620894E+00
+95.000E-03	+4.409236E+00
+96.000E-03	+2.000191E+00
+97.000E-03	+527.427E-03
+98.000E-03	+90.040E-03
+99.000E-03	-128.653E-03
+100.000E-03	-183.327E-03
+101.000E-03	-238.000E-03
+102.000E-03	-128.653E-03
+103.000E-03	+35.367E-03
+104.000E-03	-128.653E-03
+105.000E-03	-183.327E-03
+106.000E-03	-186.744E-03
+107.000E-03	-128.653E-03
+108.000E-03	+35.367E-03
+109.000E-03	+527.427E-03
+110.000E-03	+2.276975E+00
+111.000E-03	+4.077779E+00
+112.000E-03	+1.453457E+00
+113.000E-03	+363.407E-03
+114.000E-03	-19.307E-03
+115.000E-03	-183.327E-03
+116.000E-03	-238.000E-03
+117.000E-03	-238.000E-03
+118.000E-03	-238.000E-03
+119.000E-03	-238.000E-03
+120.000E-03	-238.000E-03
+121.000E-03	-238.000E-03
+122.000E-03	-183.327E-03
+123.000E-03	-73.980E-03
+124.000E-03	+90.040E-03
+125.000E-03	+636.774E-03
+126.000E-03	+2.769035E+00
+127.000E-03	+3.749739E+00
+128.000E-03	+1.180090E+00
+129.000E-03	+308.734E-03
+130.000E-03	+31.950E-03
+131.000E-03	-183.327E-03
+132.000E-03	-238.000E-03
+133.000E-03	-183.327E-03
+134.000E-03	-73.980E-03
+135.000E-03	-22.724E-03
+136.000E-03	-132.070E-03
+137.000E-03	-238.000E-03
+138.000E-03	-183.327E-03
+139.000E-03	-19.307E-03
+140.000E-03	+199.387E-03
+141.000E-03	+910.141E-03
+142.000E-03	+3.479789E+00
+143.000E-03	+2.984312E+00
+144.000E-03	+852.050E-03
+145.000E-03	+141.296E-03
+146.000E-03	-128.653E-03
+147.000E-03	-183.327E-03
+148.000E-03	-238.000E-03
+149.000E-03	-238.000E-03
+150.000E-03	-183.327E-03
+151.000E-03	-186.744E-03
+152.000E-03	-238.000E-03
+153.000E-03	-238.000E-03
+154.000E-03	-183.327E-03
+155.000E-03	-22.724E-03
+156.000E-03	+199.387E-03
+157.000E-03	+1.128834E+00
+158.000E-03	+3.917176E+00
+159.000E-03	+2.382904E+00
+160.000E-03	+691.447E-03
+161.000E-03	+141.296E-03
+162.000E-03	-77.397E-03
+163.000E-03	-186.744E-03
+164.000E-03	-186.744E-03
+165.000E-03	-183.327E-03
+166.000E-03	-22.724E-03
+167.000E-03	-128.653E-03
+168.000E-03	-186.744E-03
+169.000E-03	-238.000E-03
+170.000E-03	-132.070E-03
+171.000E-03	+35.367E-03
+172.000E-03	+418.080E-03
+173.000E-03	+1.620894E+00
+174.000E-03	+4.026523E+00
+175.000E-03	+1.781497E+00
+176.000E-03	+418.080E-03
+177.000E-03	+35.367E-03
+178.000E-03	-128.653E-03
+179.000E-03	-238.000E-03
+180.000E-03	-238.000E-03
+181.000E-03	-183.327E-03
+182.000E-03	-128.653E-03
+183.000E-03	-183.327E-03
+184.000E-03	-238.000E-03
+185.000E-03	-238.000E-03
+186.000E-03	-128.653E-03
+187.000E-03	+35.367E-03
+188.000E-03	+418.080E-03
+189.000E-03	+2.003608E+00
+190.000E-03	+3.859085E+00
+191.000E-03	+1.453457E+00
+192.000E-03	+363.407E-03
+193.000E-03	+35.367E-03
+194.000E-03	-183.327E-03
+195.000E-03	-186.744E-03
+196.000E-03	-183.327E-03
+197.000E-03	-77.397E-03
+198.000E-03	-77.397E-03
+199.000E-03	-132.070E-03
+200.000E-03	-238.000E-03
+201.000E-03	-183.327E-03
+202.000E-03	-128.653E-03
+203.000E-03	+90.040E-03
+204.000E-03	+636.774E-03
+205.000E-03	+2.605015E+00
+206.000E-03	+3.367025E+00
+207.000E-03	+1.016070E+00
+208.000E-03	+250.643E-03
+209.000E-03	-22.724E-03
+210.000E-03	-183.327E-03
+211.000E-03	-186.744E-03
+212.000E-03	-183.327E-03
+213.000E-03	-132.070E-03
+214.000E-03	-128.653E-03
+215.000E-03	-183.327E-03
+216.000E-03	-238.000E-03
+217.000E-03	-183.327E-03
+218.000E-03	-73.980E-03
+219.000E-03	+144.714E-03
+220.000E-03	+800.794E-03
+221.000E-03	+3.206422E+00
+222.000E-03	+2.874965E+00
+223.000E-03	+852.050E-03
+224.000E-03	+144.714E-03
+225.000E-03	-73.980E-03
+226.000E-03	-238.000E-03
+227.000E-03	-238.000E-03
+228.000E-03	-132.070E-03
+229.000E-03	-73.980E-03
+230.000E-03	-183.327E-03
+231.000E-03	-183.327E-03
+232.000E-03	-183.327E-03
+233.000E-03	-183.327E-03
+234.000E-03	-19.307E-03
+235.000E-03	+254.060E-03
+236.000E-03	+1.183508E+00
+237.000E-03	+3.753156E+00
+238.000E-03	+2.167628E+00
+239.000E-03	+578.683E-03
+240.000E-03	+90.040E-03
+241.000E-03	-128.653E-03
+242.000E-03	-186.744E-03
+243.000E-03	-238.000E-03
+244.000E-03	-183.327E-03
+245.000E-03	-73.980E-03
+246.000E-03	-128.653E-03
+247.000E-03	-238.000E-03
+248.000E-03	-238.000E-03
+249.000E-03	-183.327E-03
+250.000E-03	-19.307E-03
+251.000E-03	+363.407E-03
+252.000E-03	+1.511548E+00
+253.000E-03	+3.862502E+00
+254.000E-03	+1.726824E+00
+255.000E-03	+469.337E-03
+256.000E-03	+35.367E-03
+257.000E-03	-128.653E-03
+258.000E-03	-238.000E-03
+259.000E-03	-238.000E-03
+260.000E-03	-183.327E-03
+261.000E-03	-73.980E-03
+262.000E-03	-183.327E-03
+263.000E-03	-238.000E-03
+264.000E-03	-238.000E-03
+265.000E-03	-183.327E-03
+266.000E-03	-19.307E-03
+267.000E-03	+418.080E-03
+268.000E-03	+1.894261E+00
+269.000E-03	+3.640392E+00
+270.000E-03	+1.344111E+00
+271.000E-03	+308.734E-03
+272.000E-03	-19.307E-03
+273.000E-03	-132.070E-03
+274.000E-03	-238.000E-03
+275.000E-03	-183.327E-03
+276.000E-03	-128.653E-03
+277.000E-03	-128.653E-03
+278.000E-03	-183.327E-03
+279.000E-03	-238.000E-03
+280.000E-03	-183.327E-03
+281.000E-03	-128.653E-03
+282.000E-03	+86.623E-03
+283.000E-03	+582.100E-03
+284.000E-03	+2.495668E+00
+285.000E-03	+3.257678E+00
+286.000E-03	+964.814E-03
+287.000E-03	+250.643E-03
+288.000E-03	-19.307E-03
+289.000E-03	-183.327E-03
+290.000E-03	-186.744E-03
+291.000E-03	-183.327E-03
+292.000E-03	-183.327E-03
+293.000E-03	-128.653E-03
+294.000E-03	-186.744E-03
+295.000E-03	-238.000E-03
+296.000E-03	-186.744E-03
+297.000E-03	-128.653E-03
+298.000E-03	+90.040E-03
+299.000E-03	+800.794E-03
+300.000E-03	+3.042402E+00
+301.000E-03	+2.710945E+00
+302.000E-03	+797.377E-03
+303.000E-03	+199.387E-03
+304.000E-03	-77.397E-03
+305.000E-03	-132.070E-03
+306.000E-03	-238.000E-03
+307.000E-03	-183.327E-03
+308.000E-03	-128.653E-03
+309.000E-03	-128.653E-03
+310.000E-03	-183.327E-03
+311.000E-03	-186.744E-03
+312.000E-03	-128.653E-03
+313.000E-03	-19.307E-03
+314.000E-03	+254.060E-03
+315.000E-03	+1.128834E+00
+316.000E-03	+3.479789E+00
+317.000E-03	+2.109538E+00
+318.000E-03	+578.683E-03
+319.000E-03	+90.040E-03
+320.000E-03	-128.653E-03
+321.000E-03	-186.744E-03
+322.000E-03	-238.000E-03
+323.000E-03	-183.327E-03
+324.000E-03	-73.980E-03
+325.000E-03	-183.327E-03
+326.000E-03	-183.327E-03
+327.000E-03	-238.000E-03
+328.000E-03	-183.327E-03
+329.000E-03	-19.307E-03
+330.000E-03	+308.734E-03
+331.000E-03	+1.402201E+00
+332.000E-03	+3.640392E+00
+333.000E-03	+1.672151E+00
+334.000E-03	+469.337E-03
+335.000E-03	+35.367E-03
+336.000E-03	-128.653E-03
+337.000E-03	-183.327E-03
+338.000E-03	-183.327E-03
+339.000E-03	-132.070E-03
+340.000E-03	-77.397E-03
+341.000E-03	-128.653E-03
+342.000E-03	-238.000E-03
+343.000E-03	-183.327E-03
+344.000E-03	-128.653E-03
+345.000E-03	+35.367E-03
+346.000E-03	+472.754E-03
+347.000E-03	+1.839588E+00
+348.000E-03	+3.476372E+00
+349.000E-03	+1.234764E+00
+350.000E-03	+308.734E-03
+351.000E-03	-73.980E-03
+352.000E-03	-183.327E-03
+353.000E-03	-238.000E-03
+354.000E-03	-186.744E-03
+355.000E-03	-183.327E-03
+356.000E-03	-128.653E-03
+357.000E-03	-183.327E-03
+358.000E-03	-238.000E-03
+359.000E-03	-183.327E-03
+360.000E-03	-132.070E-03
+361.000E-03	+35.367E-03
+362.000E-03	+527.427E-03
+363.000E-03	+2.331648E+00
+364.000E-03	+3.038985E+00
+365.000E-03	+1.016070E+00
+366.000E-03	+199.387E-03
+367.000E-03	-19.307E-03
+368.000E-03	-132.070E-03
+369.000E-03	-183.327E-03
+370.000E-03	-183.327E-03
+371.000E-03	-128.653E-03
+372.000E-03	-128.653E-03
+373.000E-03	-183.327E-03
+374.000E-03	-186.744E-03
+375.000E-03	-183.327E-03
+376.000E-03	-128.653E-03
+377.000E-03	+195.970E-03
+378.000E-03	+800.794E-03
+379.000E-03	+2.933055E+00
+380.000E-03	+2.546925E+00
+381.000E-03	+742.704E-03
+382.000E-03	+144.714E-03
+383.000E-03	-73.980E-03
+384.000E-03	-183.327E-03
+385.000E-03	-238.000E-03
+386.000E-03	-183.327E-03
+387.000E-03	-128.653E-03
+388.000E-03	-128.653E-03
+389.000E-03	-183.327E-03
+390.000E-03	-238.000E-03
+391.000E-03	-183.327E-03
+392.000E-03	-19.307E-03
+393.000E-03	+199.387E-03
+394.000E-03	+1.019487E+00
+395.000E-03	+3.261095E+00
+396.000E-03	+2.000191E+00
+397.000E-03	+527.427E-03
+398.000E-03	+35.367E-03
+399.000E-03	-77.397E-03
+400.000E-03	-183.327E-03
+401.000E-03	-238.000E-03
+402.000E-03	-183.327E-03
+403.000E-03	-73.980E-03
+404.000E-03	-128.653E-03
+405.000E-03	-238.000E-03
+406.000E-03	-238.000E-03
+407.000E-03	-183.327E-03
+408.000E-03	-19.307E-03
+409.000E-03	+308.734E-03
+410.000E-03	+1.347528E+00
+411.000E-03	+3.425116E+00
+412.000E-03	+1.508131E+00
+413.000E-03	+363.407E-03
+414.000E-03	+35.367E-03
+415.000E-03	-183.327E-03
+416.000E-03	-238.000E-03
+417.000E-03	-186.744E-03
+418.000E-03	-183.327E-03
+419.000E-03	-73.980E-03
+420.000E-03	-128.653E-03
+421.000E-03	-186.744E-03
+422.000E-03	-183.327E-03
+423.000E-03	-183.327E-03
+424.000E-03	-19.307E-03
+425.000E-03	+363.407E-03
+426.000E-03	+1.675568E+00
+427.000E-03	+3.257678E+00
+428.000E-03	+1.234764E+00
+429.000E-03	+308.734E-03
+430.000E-03	+35.367E-03
+431.000E-03	-128.653E-03
+432.000E-03	-186.744E-03
+433.000E-03	-183.327E-03
+434.000E-03	-128.653E-03
+435.000E-03	-73.980E-03
+436.000E-03	-183.327E-03
+437.000E-03	-238.000E-03
+438.000E-03	-183.327E-03
+439.000E-03	-128.653E-03
+440.000E-03	+90.040E-03
+441.000E-03	+527.427E-03
+442.000E-03	+2.276975E+00
+443.000E-03	+2.874965E+00
+444.000E-03	+906.724E-03
+445.000E-03	+199.387E-03
+446.000E-03	-22.724E-03
+447.000E-03	-183.327E-03
+448.000E-03	-183.327E-03
+449.000E-03	-183.327E-03
+450.000E-03	-128.653E-03
+451.000E-03	-128.653E-03
+452.000E-03	-183.327E-03
+453.000E-03	-238.000E-03
+454.000E-03	-183.327E-03
+455.000E-03	-73.980E-03
+456.000E-03	+90.040E-03
+457.000E-03	+746.121E-03
+458.000E-03	+2.714362E+00
+459.000E-03	+2.437578E+00
+460.000E-03	+688.030E-03
+461.000E-03	+141.296E-03
+462.000E-03	-22.724E-03
+463.000E-03	-132.070E-03
+464.000E-03	-186.744E-03
+465.000E-03	-183.327E-03
+466.000E-03	-128.653E-03
+467.000E-03	-128.653E-03
+468.000E-03	-183.327E-03
+469.000E-03	-186.744E-03
+470.000E-03	-183.327E-03
+471.000E-03	-73.980E-03
+472.000E-03	+199.387E-03
+473.000E-03	+1.019487E+00
+474.000E-03	+3.151749E+00
+475.000E-03	+1.945518E+00
+476.000E-03	+524.010E-03
+477.000E-03	+35.367E-03
+478.000E-03	-128.653E-03
+479.000E-03	-238.000E-03
+480.000E-03	-238.000E-03
+481.000E-03	-183.327E-03
+482.000E-03	-77.397E-03
+483.000E-03	-128.653E-03
+484.000E-03	-183.327E-03
+485.000E-03	-186.744E-03
+486.000E-03	-132.070E-03
+487.000E-03	-73.980E-03
+488.000E-03	+199.387E-03
+489.000E-03	+1.238181E+00
+490.000E-03	+3.206422E+00
+491.000E-03	+1.456874E+00
+492.000E-03	+469.337E-03
+493.000E-03	+35.367E-03
+494.000E-03	-128.653E-03
+495.000E-03	-186.744E-03
+496.000E-03	-186.744E-03
+497.000E-03	-128.653E-03
+498.000E-03	-73.980E-03
+499.000E-03	-128.653E-03
+500.000E-03	-183.327E-03
+501.000E-03	-183.327E-03
+502.000E-03	-128.653E-03
+503.000E-03	-19.307E-03
+504.000E-03	+363.407E-03
+505.000E-03	+1.730241E+00
+506.000E-03	+3.093658E+00
+507.000E-03	+1.180090E+00
+508.000E-03	+254.060E-03
+509.000E-03	-19.307E-03
+510.000E-03	-183.327E-03
+511.000E-03	-238.000E-03
+512.000E-03	-183.327E-03
+513.000E-03	-128.653E-03
+514.000E-03	-73.980E-03
+515.000E-03	-183.327E-03
+516.000E-03	-238.000E-03
+517.000E-03	-183.327E-03
+518.000E-03	-128.653E-03
+519.000E-03	+86.623E-03
+520.000E-03	+472.754E-03
+521.000E-03	+2.112955E+00
+522.000E-03	+2.765618E+00
+523.000E-03	+906.724E-03
+524.000E-03	+199.387E-03
+525.000E-03	-73.980E-03
+526.000E-03	-183.327E-03
+527.000E-03	-183.327E-03
+528.000E-03	-183.327E-03
+529.000E-03	-128.653E-03
+530.000E-03	-77.397E-03
+531.000E-03	-132.070E-03
+532.000E-03	-183.327E-03
+533.000E-03	-183.327E-03
+534.000E-03	-73.980E-03
+535.000E-03	+144.714E-03
+536.000E-03	+746.121E-03
+537.000E-03	+2.659688E+00
+538.000E-03	+2.273558E+00
+539.000E-03	+636.774E-03
+540.000E-03	+90.040E-03
+541.000E-03	-77.397E-03
+542.000E-03	-183.327E-03
+543.000E-03	-186.744E-03
+544.000E-03	-183.327E-03
+545.000E-03	-73.980E-03
+546.000E-03	-128.653E-03
+547.000E-03	-183.327E-03
+548.000E-03	-238.000E-03
+549.000E-03	-238.000E-03
+550.000E-03	-73.980E-03
+551.000E-03	+199.387E-03
+552.000E-03	+910.141E-03
+553.000E-03	+2.933055E+00
+554.000E-03	+1.836171E+00
+555.000E-03	+524.010E-03
+556.000E-03	+35.367E-03
+557.000E-03	-128.653E-03
+558.000E-03	-183.327E-03
+559.000E-03	-238.000E-03
+560.000E-03	-183.327E-03
+561.000E-03	-73.980E-03
+562.000E-03	-128.653E-03
+563.000E-03	-186.744E-03
+564.000E-03	-238.000E-03
+565.000E-03	-128.653E-03
+566.000E-03	-19.307E-03
+567.000E-03	+254.060E-03
+568.000E-03	+1.238181E+00
+569.000E-03	+3.042402E+00
+570.000E-03	+1.453457E+00
+571.000E-03	+308.734E-03
+572.000E-03	+31.950E-03
+573.000E-03	-128.653E-03
+574.000E-03	-186.744E-03
+575.000E-03	-183.327E-03
+576.000E-03	-128.653E-03
+577.000E-03	-73.980E-03
+578.000E-03	-183.327E-03
+579.000E-03	-183.327E-03
+580.000E-03	-183.327E-03
+581.000E-03	-128.653E-03
+582.000E-03	-19.307E-03
+583.000E-03	+308.734E-03
+584.000E-03	+1.566221E+00
+585.000E-03	+2.929638E+00
+586.000E-03	+1.074161E+00
+587.000E-03	+254.060E-03
+588.000E-03	-19.307E-03
+589.000E-03	-132.070E-03
+590.000E-03	-238.000E-03
+591.000E-03	-183.327E-03
+592.000E-03	-128.653E-03
+593.000E-03	-128.653E-03
+594.000E-03	-183.327E-03
+595.000E-03	-186.744E-03
+596.000E-03	-183.327E-03
+597.000E-03	-128.653E-03
+598.000E-03	+86.623E-03
+599.000E-03	+527.427E-03
+600.000E-03	+2.003608E+00
+601.000E-03	+2.546925E+00
+602.000E-03	+800.794E-03
+603.000E-03	+144.714E-03
+604.000E-03	-73.980E-03
+605.000E-03	-132.070E-03
+606.000E-03	-183.327E-03
+607.000E-03	-183.327E-03
+608.000E-03	-73.980E-03
+609.000E-03	-128.653E-03
+610.000E-03	-132.070E-03
+611.000E-03	-238.000E-03
+612.000E-03	-183.327E-03
+613.000E-03	-73.980E-03
+614.000E-03	+90.040E-03
+615.000E-03	+636.774E-03
+616.000E-03	+2.495668E+00
+617.000E-03	+2.164211E+00
+618.000E-03	+633.357E-03
+619.000E-03	+90.040E-03
+620.000E-03	-77.397E-03
+621.000E-03	-183.327E-03
+622.000E-03	-186.744E-03
+623.000E-03	-183.327E-03
+624.000E-03	-128.653E-03
+625.000E-03	-128.653E-03
+626.000E-03	-183.327E-03
+627.000E-03	-183.327E-03
+628.000E-03	-183.327E-03
+629.000E-03	-73.980E-03
+630.000E-03	+144.714E-03
+631.000E-03	+910.141E-03
+632.000E-03	+2.769035E+00
+633.000E-03	+1.730241E+00
+634.000E-03	+469.337E-03
+635.000E-03	+35.367E-03
+636.000E-03	-128.653E-03
+637.000E-03	-183.327E-03
+638.000E-03	-238.000E-03
+639.000E-03	-128.653E-03
+640.000E-03	-77.397E-03
+641.000E-03	-128.653E-03
+642.000E-03	-183.327E-03
+643.000E-03	-238.000E-03
+644.000E-03	-183.327E-03
+645.000E-03	-19.307E-03
+646.000E-03	+250.643E-03
+647.000E-03	+1.128834E+00
+648.000E-03	+2.878382E+00
+649.000E-03	+1.398784E+00
+650.000E-03	+363.407E-03
+651.000E-03	+35.367E-03
+652.000E-03	-128.653E-03
+653.000E-03	-238.000E-03
+654.000E-03	-183.327E-03
+655.000E-03	-128.653E-03
+656.000E-03	-73.980E-03
+657.000E-03	-128.653E-03
+658.000E-03	-238.000E-03
+659.000E-03	-183.327E-03
+660.000E-03	-128.653E-03
+661.000E-03	-19.307E-03
+662.000E-03	+363.407E-03
+663.000E-03	+1.511548E+00
+664.000E-03	+2.765618E+00
+665.000E-03	+1.070744E+00
+666.000E-03	+254.060E-03
+667.000E-03	-19.307E-03
+668.000E-03	-128.653E-03
+669.000E-03	-238.000E-03
+670.000E-03	-183.327E-03
+671.000E-03	-128.653E-03
+672.000E-03	-73.980E-03
+673.000E-03	-183.327E-03
+674.000E-03	-183.327E-03
+675.000E-03	-183.327E-03
+676.000E-03	-128.653E-03
+677.000E-03	+35.367E-03
+678.000E-03	+472.754E-03
+679.000E-03	+1.948935E+00
+680.000E-03	+2.492251E+00
+681.000E-03	+797.377E-03
+682.000E-03	+144.714E-03
+683.000E-03	-73.980E-03
+684.000E-03	-183.327E-03
+685.000E-03	-238.000E-03
+686.000E-03	-183.327E-03
+687.000E-03	-77.397E-03
+688.000E-03	-73.980E-03
+689.000E-03	-183.327E-03
+690.000E-03	-238.000E-03
+691.000E-03	-183.327E-03
+692.000E-03	-73.980E-03
+693.000E-03	+90.040E-03
+694.000E-03	+636.774E-03
+695.000E-03	+2.331648E+00
+696.000E-03	+2.054864E+00
+697.000E-03	+582.100E-03
+698.000E-03	+141.296E-03
+699.000E-03	-77.397E-03
+700.000E-03	-183.327E-03
+701.000E-03	-238.000E-03
+702.000E-03	-128.653E-03
+703.000E-03	-73.980E-03
+704.000E-03	-128.653E-03
+705.000E-03	-183.327E-03
+706.000E-03	-183.327E-03
+707.000E-03	-183.327E-03
+708.000E-03	-73.980E-03
+709.000E-03	+144.714E-03
+710.000E-03	+855.467E-03
+711.000E-03	+2.605015E+00
+712.000E-03	+1.672151E+00
+713.000E-03	+469.337E-03
+714.000E-03	+86.623E-03
+715.000E-03	-128.653E-03
+716.000E-03	-183.327E-03
+717.000E-03	-183.327E-03
+718.000E-03	-183.327E-03
+719.000E-03	-73.980E-03
+720.000E-03	-128.653E-03
+721.000E-03	-183.327E-03
+722.000E-03	-183.327E-03
+723.000E-03	-183.327E-03
+724.000E-03	-73.980E-03
+725.000E-03	+199.387E-03
+726.000E-03	+1.128834E+00
+727.000E-03	+2.714362E+00
+728.000E-03	+1.344111E+00
+729.000E-03	+363.407E-03
+730.000E-03	-19.307E-03
+731.000E-03	-128.653E-03
+732.000E-03	-183.327E-03
+733.000E-03	-183.327E-03
+734.000E-03	-128.653E-03
+735.000E-03	-73.980E-03
+736.000E-03	-128.653E-03
+737.000E-03	-183.327E-03
+738.000E-03	-238.000E-03
+739.000E-03	-128.653E-03
+740.000E-03	+31.950E-03
+741.000E-03	+308.734E-03
+742.000E-03	+1.456874E+00
+743.000E-03	+2.601598E+00
+744.000E-03	+1.016070E+00
+745.000E-03	+250.643E-03
+746.000E-03	-19.307E-03
+747.000E-03	-128.653E-03
+748.000E-03	-183.327E-03
+749.000E-03	-183.327E-03
+750.000E-03	-128.653E-03
+751.000E-03	-77.397E-03
+752.000E-03	-132.070E-03
+753.000E-03	-183.327E-03
+754.000E-03	-183.327E-03
+755.000E-03	-73.980E-03
+756.000E-03	+35.367E-03
+757.000E-03	+472.754E-03
+758.000E-03	+1.894261E+00
+759.000E-03	+2.328231E+00
+760.000E-03	+746.121E-03
+761.000E-03	+144.714E-03
+762.000E-03	-73.980E-03
+763.000E-03	-238.000E-03
+764.000E-03	-183.327E-03
+765.000E-03	-183.327E-03
+766.000E-03	-77.397E-03
+767.000E-03	-73.980E-03
+768.000E-03	-183.327E-03
+769.000E-03	-183.327E-03
+770.000E-03	-183.327E-03
+771.000E-03	-128.653E-03
+772.000E-03	+90.040E-03
+773.000E-03	+582.100E-03
+774.000E-03	+2.222301E+00
+775.000E-03	+2.000191E+00
+776.000E-03	+578.683E-03
+777.000E-03	+90.040E-03
+778.000E-03	-77.397E-03
+779.000E-03	-132.070E-03
+780.000E-03	-183.327E-03
+781.000E-03	-183.327E-03
+782.000E-03	-73.980E-03
+783.000E-03	-73.980E-03
+784.000E-03	-132.070E-03
+785.000E-03	-238.000E-03
+786.000E-03	-183.327E-03
+787.000E-03	-22.724E-03
+788.000E-03	+144.714E-03
+789.000E-03	+800.794E-03
+790.000E-03	+2.495668E+00
+791.000E-03	+1.562804E+00
+792.000E-03	+418.080E-03
+793.000E-03	+35.367E-03
+794.000E-03	-128.653E-03
+795.000E-03	-183.327E-03
+796.000E-03	-183.327E-03
+797.000E-03	-128.653E-03
+798.000E-03	-22.724E-03
+799.000E-03	-128.653E-03
+800.000E-03	-186.744E-03
+801.000E-03	-238.000E-03
+802.000E-03	-183.327E-03
+803.000E-03	-73.980E-03
+804.000E-03	+199.387E-03
+805.000E-03	+1.019487E+00
+806.000E-03	+2.605015E+00
+807.000E-03	+1.234764E+00
+808.000E-03	+308.734E-03
+809.000E-03	-19.307E-03
+810.000E-03	-128.653E-03
+811.000E-03	-238.000E-03
+812.000E-03	-183.327E-03
+813.000E-03	-128.653E-03
+814.000E-03	-73.980E-03
+815.000E-03	-128.653E-03
+816.000E-03	-183.327E-03
+817.000E-03	-186.744E-03
+818.000E-03	-128.653E-03
+819.000E-03	-19.307E-03
+820.000E-03	+254.060E-03
+821.000E-03	+1.402201E+00
+822.000E-03	+2.492251E+00
+823.000E-03	+961.397E-03
+824.000E-03	+199.387E-03
+825.000E-03	+31.950E-03
+826.000E-03	-132.070E-03
+827.000E-03	-183.327E-03
+828.000E-03	-183.327E-03
+829.000E-03	-77.397E-03
+830.000E-03	-73.980E-03
+831.000E-03	-183.327E-03
+832.000E-03	-238.000E-03
+833.000E-03	-238.000E-03
+834.000E-03	-128.653E-03
+835.000E-03	+35.367E-03
+836.000E-03	+418.080E-03
+837.000E-03	+1.730241E+00
+838.000E-03	+2.218884E+00
+839.000E-03	+691.447E-03
+840.000E-03	+144.714E-03
+841.000E-03	-73.980E-03
+842.000E-03	-183.327E-03
+843.000E-03	-132.070E-03
+844.000E-03	-183.327E-03
+845.000E-03	-128.653E-03
+846.000E-03	-73.980E-03
+847.000E-03	-183.327E-03
+848.000E-03	-183.327E-03
+849.000E-03	-183.327E-03
+850.000E-03	-73.980E-03
+851.000E-03	+90.040E-03
+852.000E-03	+582.100E-03
+853.000E-03	+2.112955E+00
+854.000E-03	+1.836171E+00
+855.000E-03	+578.683E-03
+856.000E-03	+35.367E-03
+857.000E-03	-128.653E-03
+858.000E-03	-183.327E-03
+859.000E-03	-238.000E-03
+860.000E-03	-132.070E-03
+861.000E-03	-73.980E-03
+862.000E-03	-128.653E-03
+863.000E-03	-183.327E-03
+864.000E-03	-183.327E-03
+865.000E-03	-183.327E-03
+866.000E-03	-73.980E-03
+867.000E-03	+144.714E-03
+868.000E-03	+746.121E-03
+869.000E-03	+2.331648E+00
+870.000E-03	+1.508131E+00
+871.000E-03	+414.663E-03
+872.000E-03	+35.367E-03
+873.000E-03	-77.397E-03
+874.000E-03	-238.000E-03
+875.000E-03	-183.327E-03
+876.000E-03	-183.327E-03
+877.000E-03	-73.980E-03
+878.000E-03	-77.397E-03
+879.000E-03	-183.327E-03
+880.000E-03	-183.327E-03
+881.000E-03	-183.327E-03
+882.000E-03	-73.980E-03
+883.000E-03	+199.387E-03
+884.000E-03	+964.814E-03
+885.000E-03	+2.440995E+00
+886.000E-03	+1.180090E+00
+887.000E-03	+308.734E-03
+888.000E-03	+31.950E-03
+889.000E-03	-128.653E-03
+890.000E-03	-183.327E-03
+891.000E-03	-238.000E-03
+892.000E-03	-128.653E-03
+893.000E-03	-73.980E-03
+894.000E-03	-128.653E-03
+895.000E-03	-183.327E-03
+896.000E-03	-183.327E-03
+897.000E-03	-128.653E-03
+898.000E-03	-19.307E-03
+899.000E-03	+308.734E-03
+900.000E-03	+1.347528E+00
+901.000E-03	+2.331648E+00
+902.000E-03	+961.397E-03
+903.000E-03	+199.387E-03
+904.000E-03	-73.980E-03
+905.000E-03	-183.327E-03
+906.000E-03	-183.327E-03
+907.000E-03	-183.327E-03
+908.000E-03	-77.397E-03
+909.000E-03	-73.980E-03
+910.000E-03	-128.653E-03
+911.000E-03	-186.744E-03
+912.000E-03	-128.653E-03
+913.000E-03	-128.653E-03
+914.000E-03	+35.367E-03
+915.000E-03	+418.080E-03
+916.000E-03	+1.675568E+00
+917.000E-03	+2.109538E+00
+918.000E-03	+636.774E-03
+919.000E-03	+141.296E-03
+920.000E-03	-73.980E-03
+921.000E-03	-128.653E-03
+922.000E-03	-183.327E-03
+923.000E-03	-183.327E-03
+924.000E-03	-77.397E-03
+925.000E-03	-128.653E-03
+926.000E-03	-183.327E-03
+927.000E-03	-238.000E-03
+928.000E-03	-183.327E-03
+929.000E-03	-77.397E-03
+930.000E-03	+90.040E-03
+931.000E-03	+582.100E-03
+932.000E-03	+2.003608E+00
+933.000E-03	+1.781497E+00
+934.000E-03	+524.010E-03
+935.000E-03	+35.367E-03
+936.000E-03	-77.397E-03
+937.000E-03	-132.070E-03
+938.000E-03	-183.327E-03
+939.000E-03	-128.653E-03
+940.000E-03	-73.980E-03
+941.000E-03	-73.980E-03
+942.000E-03	-132.070E-03
+943.000E-03	-183.327E-03
+944.000E-03	-183.327E-03
+945.000E-03	-77.397E-03
+946.000E-03	+144.714E-03
+947.000E-03	+691.447E-03
+948.000E-03	+2.222301E+00
+949.000E-03	+1.453457E+00
+950.000E-03	+414.663E-03
+951.000E-03	+35.367E-03
+952.000E-03	-128.653E-03
+953.000E-03	-183.327E-03
+954.000E-03	-183.327E-03
+955.000E-03	-183.327E-03
+956.000E-03	-77.397E-03
+957.000E-03	-128.653E-03
+958.000E-03	-183.327E-03
+959.000E-03	-183.327E-03
+960.000E-03	-183.327E-03
+961.000E-03	-73.980E-03
+962.000E-03	+199.387E-03
+963.000E-03	+910.141E-03
+964.000E-03	+2.331648E+00
+965.000E-03	+1.125417E+00
+966.000E-03	+254.060E-03
+967.000E-03	-19.307E-03
+968.000E-03	-128.653E-03
+969.000E-03	-186.744E-03
+970.000E-03	-183.327E-03
+971.000E-03	-73.980E-03
+972.000E-03	-73.980E-03
+973.000E-03	-132.070E-03
+974.000E-03	-183.327E-03
+975.000E-03	-183.327E-03
+976.000E-03	-128.653E-03
+977.000E-03	-19.307E-03
+978.000E-03	+308.734E-03
+979.000E-03	+1.238181E+00
+980.000E-03	+2.222301E+00
+981.000E-03	+855.467E-03
+982.000E-03	+199.387E-03
+983.000E-03	-19.307E-03
+984.000E-03	-128.653E-03
+985.000E-03	-183.327E-03
+986.000E-03	-132.070E-03
+987.000E-03	-128.653E-03
+988.000E-03	-73.980E-03
+989.000E-03	-128.653E-03
+990.000E-03	-183.327E-03
+991.000E-03	-132.070E-03
+992.000E-03	-73.980E-03
+993.000E-03	+35.367E-03
+994.000E-03	+363.407E-03
+995.000E-03	+1.620894E+00
+996.000E-03	+2.000191E+00
+997.000E-03	+633.357E-03
+998.000E-03	+90.040E-03
+999.000E-03	-128.653E-03
+1.000000E+00	-132.070E-03
+1.001000E+00	-183.327E-03
+1.002000E+00	-183.327E-03
+1.003000E+00	-128.653E-03
+1.004000E+00	-73.980E-03
+1.005000E+00	-132.070E-03
+1.006000E+00	-183.327E-03
+1.007000E+00	-183.327E-03
+1.008000E+00	-77.397E-03
+1.009000E+00	+35.367E-03
+1.010000E+00	+527.427E-03
+1.011000E+00	+1.894261E+00
+1.012000E+00	+1.675568E+00
+1.013000E+00	+472.754E-03
+1.014000E+00	+90.040E-03
+1.015000E+00	-128.653E-03
+1.016000E+00	-132.070E-03
+1.017000E+00	-183.327E-03
+1.018000E+00	-128.653E-03
+1.019000E+00	-73.980E-03
+1.020000E+00	-73.980E-03
+1.021000E+00	-183.327E-03
+1.022000E+00	-183.327E-03
+1.023000E+00	-183.327E-03
+1.024000E+00	-73.980E-03
+1.025000E+00	+144.714E-03
+1.026000E+00	+691.447E-03
+1.027000E+00	+2.112955E+00
+1.028000E+00	+1.398784E+00
+1.029000E+00	+363.407E-03
+1.030000E+00	+35.367E-03
+1.031000E+00	-128.653E-03
+1.032000E+00	-183.327E-03
+1.033000E+00	-183.327E-03
+1.034000E+00	-128.653E-03
+1.035000E+00	-73.980E-03
+1.036000E+00	-128.653E-03
+1.037000E+00	-183.327E-03
+1.038000E+00	-183.327E-03
+1.039000E+00	-128.653E-03
+1.040000E+00	-73.980E-03
+1.041000E+00	+199.387E-03
+1.042000E+00	+855.467E-03
+1.043000E+00	+2.218884E+00
+1.044000E+00	+1.070744E+00
+1.045000E+00	+305.317E-03
+1.046000E+00	+35.367E-03
+1.047000E+00	-77.397E-03
+1.048000E+00	-183.327E-03
+1.049000E+00	-183.327E-03
+1.050000E+00	-128.653E-03
+1.051000E+00	-73.980E-03
+1.052000E+00	-128.653E-03
+1.053000E+00	-183.327E-03
+1.054000E+00	-183.327E-03
+1.055000E+00	-128.653E-03
+1.056000E+00	-19.307E-03
+1.057000E+00	+305.317E-03
+1.058000E+00	+1.238181E+00
+1.059000E+00	+2.112955E+00
+1.060000E+00	+797.377E-03
+1.061000E+00	+144.714E-03
+1.062000E+00	-73.980E-03
+1.063000E+00	-132.070E-03
+1.064000E+00	-183.327E-03
+1.065000E+00	-183.327E-03
+1.066000E+00	-128.653E-03
+1.067000E+00	-19.307E-03
+1.068000E+00	-128.653E-03
+1.069000E+00	-183.327E-03
+1.070000E+00	-183.327E-03
+1.071000E+00	-128.653E-03
+1.072000E+00	-19.307E-03
+1.073000E+00	+363.407E-03
+1.074000E+00	+1.511548E+00
+1.075000E+00	+1.890844E+00
+1.076000E+00	+578.683E-03
+1.077000E+00	+90.040E-03
+1.078000E+00	-73.980E-03
+1.079000E+00	-183.327E-03
+1.080000E+00	-183.327E-03
+1.081000E+00	-128.653E-03
+1.082000E+00	-128.653E-03
+1.083000E+00	-73.980E-03
+1.084000E+00	-132.070E-03
+1.085000E+00	-183.327E-03
+1.086000E+00	-183.327E-03
+1.087000E+00	-73.980E-03
+1.088000E+00	+35.367E-03
+1.089000E+00	+472.754E-03
+1.090000E+00	+1.784915E+00
+1.091000E+00	+1.562804E+00
+1.092000E+00	+469.337E-03
+1.093000E+00	+35.367E-03
+1.094000E+00	-128.653E-03
+1.095000E+00	-183.327E-03
+1.096000E+00	-183.327E-03
+1.097000E+00	-128.653E-03
+1.098000E+00	-73.980E-03
+1.099000E+00	-73.980E-03
+1.100000E+00	-183.327E-03
+1.101000E+00	-183.327E-03
+1.102000E+00	-183.327E-03
+1.103000E+00	-73.980E-03
+1.104000E+00	+90.040E-03
+1.105000E+00	+636.774E-03
+1.106000E+00	+2.003608E+00
+1.107000E+00	+1.292854E+00
+1.108000E+00	+363.407E-03
+1.109000E+00	+35.367E-03
+1.110000E+00	-73.980E-03
+1.111000E+00	-132.070E-03
+1.112000E+00	-183.327E-03
+1.113000E+00	-128.653E-03
+1.114000E+00	-22.724E-03
+1.115000E+00	-128.653E-03
+1.116000E+00	-183.327E-03
+1.117000E+00	-132.070E-03
+1.118000E+00	-128.653E-03
+1.119000E+00	-19.307E-03
+1.120000E+00	+199.387E-03
+1.121000E+00	+910.141E-03
+1.122000E+00	+2.112955E+00
+1.123000E+00	+964.814E-03
+1.124000E+00	+254.060E-03
+1.125000E+00	-19.307E-03
+1.126000E+00	-128.653E-03
+1.127000E+00	-132.070E-03
+1.128000E+00	-183.327E-03
+1.129000E+00	-128.653E-03
+1.130000E+00	-22.724E-03
+1.131000E+00	-128.653E-03
+1.132000E+00	-183.327E-03
+1.133000E+00	-183.327E-03
+1.134000E+00	-128.653E-03
+1.135000E+00	-19.307E-03
+1.136000E+00	+254.060E-03
+1.137000E+00	+1.074161E+00
+1.138000E+00	+1.948935E+00
+1.139000E+00	+797.377E-03
+1.140000E+00	+195.970E-03
+1.141000E+00	-73.980E-03
+1.142000E+00	-183.327E-03
+1.143000E+00	-183.327E-03
+1.144000E+00	-183.327E-03
+1.145000E+00	-128.653E-03
+1.146000E+00	-73.980E-03
+1.147000E+00	-128.653E-03
+1.148000E+00	-183.327E-03
+1.149000E+00	-183.327E-03
+1.150000E+00	-128.653E-03
+1.151000E+00	+31.950E-03
+1.152000E+00	+308.734E-03
+1.153000E+00	+1.402201E+00
+1.154000E+00	+1.781497E+00
+1.155000E+00	+582.100E-03
+1.156000E+00	+90.040E-03
+1.157000E+00	-73.980E-03
+1.158000E+00	-183.327E-03
+1.159000E+00	-183.327E-03
+1.160000E+00	-183.327E-03
+1.161000E+00	-73.980E-03
+1.162000E+00	-73.980E-03
+1.163000E+00	-132.070E-03
+1.164000E+00	-183.327E-03
+1.165000E+00	-183.327E-03
+1.166000E+00	-73.980E-03
+1.167000E+00	+35.367E-03
+1.168000E+00	+472.754E-03
+1.169000E+00	+1.730241E+00
+1.170000E+00	+1.508131E+00
+1.171000E+00	+469.337E-03
+1.172000E+00	+35.367E-03
+1.173000E+00	-73.980E-03
+1.174000E+00	-183.327E-03
+1.175000E+00	-132.070E-03
+1.176000E+00	-128.653E-03
+1.177000E+00	-77.397E-03
+1.178000E+00	-73.980E-03
+1.179000E+00	-132.070E-03
+1.180000E+00	-183.327E-03
+1.181000E+00	-128.653E-03
+1.182000E+00	-73.980E-03
+1.183000E+00	+90.040E-03
+1.184000E+00	+636.774E-03
+1.185000E+00	+1.894261E+00
+1.186000E+00	+1.234764E+00
+1.187000E+00	+308.734E-03
+1.188000E+00	+35.367E-03
+1.189000E+00	-73.980E-03
+1.190000E+00	-183.327E-03
+1.191000E+00	-132.070E-03
+1.192000E+00	-77.397E-03
+1.193000E+00	-19.307E-03
+1.194000E+00	-128.653E-03
+1.195000E+00	-183.327E-03
+1.196000E+00	-183.327E-03
+1.197000E+00	-128.653E-03
+1.198000E+00	-19.307E-03
+1.199000E+00	+144.714E-03
+1.200000E+00	+855.467E-03
+1.201000E+00	+1.948935E+00
+1.202000E+00	+964.814E-03
+1.203000E+00	+254.060E-03
+1.204000E+00	-19.307E-03
+1.205000E+00	-128.653E-03
+1.206000E+00	-132.070E-03
+1.207000E+00	-183.327E-03
+1.208000E+00	-77.397E-03
+1.209000E+00	-19.307E-03
+1.210000E+00	-128.653E-03
+1.211000E+00	-183.327E-03
+1.212000E+00	-183.327E-03
+1.213000E+00	-128.653E-03
+1.214000E+00	-19.307E-03
+1.215000E+00	+199.387E-03
+1.216000E+00	+1.074161E+00
+1.217000E+00	+1.894261E+00
+1.218000E+00	+746.121E-03
+1.219000E+00	+144.714E-03
+1.220000E+00	-73.980E-03
+1.221000E+00	-128.653E-03
+1.222000E+00	-183.327E-03
+1.223000E+00	-183.327E-03
+1.224000E+00	-128.653E-03
+1.225000E+00	-22.724E-03
+1.226000E+00	-128.653E-03
+1.227000E+00	-132.070E-03
+1.228000E+00	-132.070E-03
+1.229000E+00	-77.397E-03
+1.230000E+00	+35.367E-03
+1.231000E+00	+363.407E-03
+1.232000E+00	+1.402201E+00
+1.233000E+00	+1.675568E+00
+1.234000E+00	+527.427E-03
+1.235000E+00	+90.040E-03
+1.236000E+00	-128.653E-03
+1.237000E+00	-183.327E-03
+1.238000E+00	-183.327E-03
+1.239000E+00	-128.653E-03
+1.240000E+00	-73.980E-03
+1.241000E+00	-22.724E-03
+1.242000E+00	-132.070E-03
+1.243000E+00	-132.070E-03
+1.244000E+00	-183.327E-03
+1.245000E+00	-128.653E-03
+1.246000E+00	+35.367E-03
+1.247000E+00	+418.080E-03
+1.248000E+00	+1.511548E+00
+1.249000E+00	+1.453457E+00
+1.250000E+00	+469.337E-03
+1.251000E+00	+35.367E-03
+1.252000E+00	-73.980E-03
+1.253000E+00	-128.653E-03
+1.254000E+00	-183.327E-03
+1.255000E+00	-132.070E-03
+1.256000E+00	-73.980E-03
+1.257000E+00	-73.980E-03
+1.258000E+00	-128.653E-03
+1.259000E+00	-183.327E-03
+1.260000E+00	-128.653E-03
+1.261000E+00	-22.724E-03
+1.262000E+00	+144.714E-03
+1.263000E+00	+636.774E-03
+1.264000E+00	+1.839588E+00
+1.265000E+00	+1.125417E+00
+1.266000E+00	+308.734E-03
+1.267000E+00	-19.307E-03
+1.268000E+00	-128.653E-03
+1.269000E+00	-128.653E-03
+1.270000E+00	-128.653E-03
+1.271000E+00	-128.653E-03
+1.272000E+00	-19.307E-03
+1.273000E+00	-77.397E-03
+1.274000E+00	-128.653E-03
+1.275000E+00	-183.327E-03
+1.276000E+00	-183.327E-03
+1.277000E+00	-73.980E-03
+1.278000E+00	+144.714E-03
+1.279000E+00	+746.121E-03
+1.280000E+00	+1.894261E+00
+1.281000E+00	+961.397E-03
+1.282000E+00	+250.643E-03
+1.283000E+00	+31.950E-03
+1.284000E+00	-128.653E-03
+1.285000E+00	-132.070E-03
+1.286000E+00	-128.653E-03
+1.287000E+00	-128.653E-03
+1.288000E+00	-73.980E-03
+1.289000E+00	-128.653E-03
+1.290000E+00	-183.327E-03
+1.291000E+00	-183.327E-03
+1.292000E+00	-77.397E-03
+1.293000E+00	-19.307E-03
+1.294000E+00	+254.060E-03
+1.295000E+00	+1.074161E+00
+1.296000E+00	+1.784915E+00
+1.297000E+00	+688.030E-03
+1.298000E+00	+141.296E-03
+1.299000E+00	-22.724E-03
+1.300000E+00	-183.327E-03
+1.301000E+00	-186.744E-03
+1.302000E+00	-183.327E-03
+1.303000E+00	-73.980E-03
+1.304000E+00	-73.980E-03
+1.305000E+00	-128.653E-03
+1.306000E+00	-183.327E-03
+1.307000E+00	-183.327E-03
+1.308000E+00	-128.653E-03
+1.309000E+00	-19.307E-03
+1.310000E+00	+308.734E-03
+1.311000E+00	+1.238181E+00
+1.312000E+00	+1.620894E+00
+1.313000E+00	+578.683E-03
+1.314000E+00	+90.040E-03
+1.315000E+00	-22.724E-03
+1.316000E+00	-132.070E-03
+1.317000E+00	-183.327E-03
+1.318000E+00	-128.653E-03
+1.319000E+00	-73.980E-03
+1.320000E+00	-73.980E-03
+1.321000E+00	-128.653E-03
+1.322000E+00	-183.327E-03
+1.323000E+00	-128.653E-03
+1.324000E+00	-128.653E-03
+1.325000E+00	+86.623E-03
+1.326000E+00	+469.337E-03
+1.327000E+00	+1.566221E+00
+1.328000E+00	+1.347528E+00
+1.329000E+00	+414.663E-03
+1.330000E+00	-19.307E-03
+1.331000E+00	-77.397E-03
+1.332000E+00	-183.327E-03
+1.333000E+00	-183.327E-03
+1.334000E+00	-128.653E-03
+1.335000E+00	-73.980E-03
+1.336000E+00	-73.980E-03
+1.337000E+00	-183.327E-03
+1.338000E+00	-183.327E-03
+1.339000E+00	-183.327E-03
+1.340000E+00	-73.980E-03
+1.341000E+00	+35.367E-03
+1.342000E+00	+527.427E-03
+1.343000E+00	+1.675568E+00
+1.344000E+00	+1.125417E+00
+1.345000E+00	+305.317E-03
+1.346000E+00	-19.307E-03
+1.347000E+00	-128.653E-03
+1.348000E+00	-132.070E-03
+1.349000E+00	-183.327E-03
+1.350000E+00	-128.653E-03
+1.351000E+00	-19.307E-03
+1.352000E+00	-128.653E-03
+1.353000E+00	-128.653E-03
+1.354000E+00	-183.327E-03
+1.355000E+00	-128.653E-03
+1.356000E+00	-73.980E-03
+1.357000E+00	+144.714E-03
+1.358000E+00	+746.121E-03
+1.359000E+00	+1.784915E+00
+1.360000E+00	+800.794E-03
+1.361000E+00	+144.714E-03
+1.362000E+00	-19.307E-03
+1.363000E+00	-128.653E-03
+1.364000E+00	-128.653E-03
+1.365000E+00	-183.327E-03
+1.366000E+00	-128.653E-03
+1.367000E+00	-22.724E-03
+1.368000E+00	-128.653E-03
+1.369000E+00	-183.327E-03
+1.370000E+00	-132.070E-03
+1.371000E+00	-128.653E-03
+1.372000E+00	-19.307E-03
+1.373000E+00	+250.643E-03
+1.374000E+00	+964.814E-03
+1.375000E+00	+1.675568E+00
+1.376000E+00	+691.447E-03
+1.377000E+00	+144.714E-03
+1.378000E+00	-73.980E-03
+1.379000E+00	-128.653E-03
+1.380000E+00	-183.327E-03
+1.381000E+00	-128.653E-03
+1.382000E+00	-73.980E-03
+1.383000E+00	-73.980E-03
+1.384000E+00	-128.653E-03
+1.385000E+00	-128.653E-03
+1.386000E+00	-183.327E-03
+1.387000E+00	-128.653E-03
+1.388000E+00	-19.307E-03
+1.389000E+00	+308.734E-03
+1.390000E+00	+1.238181E+00
+1.391000E+00	+1.562804E+00
+1.392000E+00	+524.010E-03
+1.393000E+00	+35.367E-03
+1.394000E+00	-77.397E-03
+1.395000E+00	-132.070E-03
+1.396000E+00	-183.327E-03
+1.397000E+00	-128.653E-03
+1.398000E+00	-73.980E-03
+1.399000E+00	-73.980E-03
+1.400000E+00	-128.653E-03
+1.401000E+00	-183.327E-03
+1.402000E+00	-128.653E-03
+1.403000E+00	-128.653E-03
+1.404000E+00	-19.307E-03
+1.405000E+00	+363.407E-03
+1.406000E+00	+1.402201E+00
+1.407000E+00	+1.292854E+00
+1.408000E+00	+414.663E-03
+1.409000E+00	+86.623E-03
+1.410000E+00	-73.980E-03
+1.411000E+00	-128.653E-03
+1.412000E+00	-183.327E-03
+1.413000E+00	-128.653E-03
+1.414000E+00	-73.980E-03
+1.415000E+00	-73.980E-03
+1.416000E+00	-132.070E-03
+1.417000E+00	-183.327E-03
+1.418000E+00	-183.327E-03
+1.419000E+00	-22.724E-03
+1.420000E+00	+90.040E-03
+1.421000E+00	+582.100E-03
+1.422000E+00	+1.620894E+00
+1.423000E+00	+1.070744E+00
+1.424000E+00	+254.060E-03
+1.425000E+00	-19.307E-03
+1.426000E+00	-128.653E-03
+1.427000E+00	-183.327E-03
+1.428000E+00	-128.653E-03
+1.429000E+00	-73.980E-03
+1.430000E+00	-19.307E-03
+1.431000E+00	-128.653E-03
+1.432000E+00	-132.070E-03
+1.433000E+00	-132.070E-03
+1.434000E+00	-128.653E-03
+1.435000E+00	-22.724E-03
+1.436000E+00	+144.714E-03
+1.437000E+00	+691.447E-03
+1.438000E+00	+1.675568E+00
+1.439000E+00	+800.794E-03
+1.440000E+00	+199.387E-03
+1.441000E+00	-19.307E-03
+1.442000E+00	-128.653E-03
+1.443000E+00	-128.653E-03
+1.444000E+00	-132.070E-03
+1.445000E+00	-128.653E-03
+1.446000E+00	-19.307E-03
+1.447000E+00	-128.653E-03
+1.448000E+00	-183.327E-03
+1.449000E+00	-183.327E-03
+1.450000E+00	-128.653E-03
+1.451000E+00	-19.307E-03
+1.452000E+00	+199.387E-03
+1.453000E+00	+910.141E-03
+1.454000E+00	+1.617477E+00
+1.455000E+00	+633.357E-03
+1.456000E+00	+90.040E-03
+1.457000E+00	-73.980E-03
+1.458000E+00	-128.653E-03
+1.459000E+00	-183.327E-03
+1.460000E+00	-183.327E-03
+1.461000E+00	-73.980E-03
+1.462000E+00	-19.307E-03
+1.463000E+00	-128.653E-03
+1.464000E+00	-132.070E-03
+1.465000E+00	-132.070E-03
+1.466000E+00	-128.653E-03
+1.467000E+00	-19.307E-03
+1.468000E+00	+254.060E-03
+1.469000E+00	+1.128834E+00
+1.470000E+00	+1.453457E+00
+1.471000E+00	+472.754E-03
+1.472000E+00	+35.367E-03
+1.473000E+00	-73.980E-03
+1.474000E+00	-128.653E-03
+1.475000E+00	-128.653E-03
+1.476000E+00	-128.653E-03
+1.477000E+00	-73.980E-03
+1.478000E+00	-22.724E-03
+1.479000E+00	-128.653E-03
+1.480000E+00	-183.327E-03
+1.481000E+00	-183.327E-03
+1.482000E+00	-77.397E-03
+1.483000E+00	+35.367E-03
+1.484000E+00	+363.407E-03
+1.485000E+00	+1.347528E+00
+1.486000E+00	+1.234764E+00
+1.487000E+00	+359.990E-03
+1.488000E+00	+35.367E-03
+1.489000E+00	-128.653E-03
+1.490000E+00	-183.327E-03
+1.491000E+00	-128.653E-03
+1.492000E+00	-77.397E-03
+1.493000E+00	-73.980E-03
+1.494000E+00	-22.724E-03
+1.495000E+00	-128.653E-03
+1.496000E+00	-183.327E-03
+1.497000E+00	-128.653E-03
+1.498000E+00	-73.980E-03
+1.499000E+00	+35.367E-03
+1.500000E+00	+472.754E-03
+1.501000E+00	+1.511548E+00
+1.502000E+00	+1.016070E+00
+1.503000E+00	+254.060E-03
+1.504000E+00	-19.307E-03
+1.505000E+00	-128.653E-03
+1.506000E+00	-183.327E-03
+1.507000E+00	-132.070E-03
+1.508000E+00	-128.653E-03
+1.509000E+00	-73.980E-03
+1.510000E+00	-77.397E-03
+1.511000E+00	-132.070E-03
+1.512000E+00	-132.070E-03
+1.513000E+00	-128.653E-03
+1.514000E+00	-73.980E-03
+1.515000E+00	+144.714E-03
+1.516000E+00	+691.447E-03
+1.517000E+00	+1.617477E+00
+1.518000E+00	+746.121E-03
+1.519000E+00	+195.970E-03
+1.520000E+00	-22.724E-03
+1.521000E+00	-128.653E-03
+1.522000E+00	-183.327E-03
+1.523000E+00	-128.653E-03
+1.524000E+00	-77.397E-03
+1.525000E+00	-19.307E-03
+1.526000E+00	-77.397E-03
+1.527000E+00	-132.070E-03
+1.528000E+00	-128.653E-03
+1.529000E+00	-128.653E-03
+1.530000E+00	-19.307E-03
+1.531000E+00	+144.714E-03
+1.532000E+00	+855.467E-03
+1.533000E+00	+1.511548E+00
+1.534000E+00	+582.100E-03
+1.535000E+00	+141.296E-03
+1.536000E+00	-73.980E-03
+1.537000E+00	-128.653E-03
+1.538000E+00	-183.327E-03
+1.539000E+00	-128.653E-03
+1.540000E+00	-73.980E-03
+1.541000E+00	-19.307E-03
+1.542000E+00	-128.653E-03
+1.543000E+00	-128.653E-03
+1.544000E+00	-132.070E-03
+1.545000E+00	-128.653E-03
+1.546000E+00	-19.307E-03
+1.547000E+00	+254.060E-03
+1.548000E+00	+1.074161E+00
+1.549000E+00	+1.347528E+00
+1.550000E+00	+472.754E-03
+1.551000E+00	+35.367E-03
+1.552000E+00	-73.980E-03
+1.553000E+00	-128.653E-03
+1.554000E+00	-183.327E-03
+1.555000E+00	-128.653E-03
+1.556000E+00	-73.980E-03
+1.557000E+00	-73.980E-03
+1.558000E+00	-128.653E-03
+1.559000E+00	-183.327E-03
+1.560000E+00	-128.653E-03
+1.561000E+00	-73.980E-03
+1.562000E+00	+35.367E-03
+1.563000E+00	+363.407E-03
+1.564000E+00	+1.292854E+00
+1.565000E+00	+1.180090E+00
+1.566000E+00	+359.990E-03
+1.567000E+00	+35.367E-03
+1.568000E+00	-128.653E-03
+1.569000E+00	-128.653E-03
+1.570000E+00	-183.327E-03
+1.571000E+00	-128.653E-03
+1.572000E+00	-19.307E-03
+1.573000E+00	-73.980E-03
+1.574000E+00	-128.653E-03
+1.575000E+00	-183.327E-03
+1.576000E+00	-183.327E-03
+1.577000E+00	-73.980E-03
+1.578000E+00	+35.367E-03
+1.579000E+00	+472.754E-03
+1.580000E+00	+1.456874E+00
+1.581000E+00	+964.814E-03
+1.582000E+00	+305.317E-03
+1.583000E+00	-19.307E-03
+1.584000E+00	-73.980E-03
+1.585000E+00	-128.653E-03
+1.586000E+00	-128.653E-03
+1.587000E+00	-128.653E-03
+1.588000E+00	-73.980E-03
+1.589000E+00	-73.980E-03
+1.590000E+00	-19.307E-03
+1.591000E+00	-22.724E-03
+1.592000E+00	-19.307E-03
+1.593000E+00	-22.724E-03
+1.594000E+00	-73.980E-03
+1.595000E+00	-73.980E-03
+1.596000E+00	-73.980E-03
+1.597000E+00	-73.980E-03
+1.598000E+00	-73.980E-03
+1.599000E+00	-73.980E-03
+1.600000E+00	-73.980E-03
+1.601000E+00	-73.980E-03
+1.602000E+00	-73.980E-03
+1.603000E+00	-77.397E-03
+1.604000E+00	-73.980E-03
+1.605000E+00	-73.980E-03
+1.606000E+00	-73.980E-03
+1.607000E+00	-77.397E-03
+1.608000E+00	-73.980E-03
+1.609000E+00	-73.980E-03
+1.610000E+00	-77.397E-03
+1.611000E+00	-73.980E-03
+1.612000E+00	-73.980E-03
+1.613000E+00	-73.980E-03
+1.614000E+00	-73.980E-03
+1.615000E+00	-77.397E-03
+1.616000E+00	-73.980E-03
+1.617000E+00	-73.980E-03
+1.618000E+00	-73.980E-03
+1.619000E+00	-73.980E-03
+1.620000E+00	-73.980E-03
+1.621000E+00	-77.397E-03
+1.622000E+00	-73.980E-03
+1.623000E+00	-73.980E-03
+1.624000E+00	-77.397E-03
+1.625000E+00	-73.980E-03
+1.626000E+00	-73.980E-03
+1.627000E+00	-73.980E-03
+1.628000E+00	-73.980E-03
+1.629000E+00	-73.980E-03
+1.630000E+00	-73.980E-03
+1.631000E+00	-73.980E-03
+1.632000E+00	-73.980E-03
+1.633000E+00	-73.980E-03
+1.634000E+00	-73.980E-03
+1.635000E+00	-73.980E-03
+1.636000E+00	-73.980E-03
+1.637000E+00	-73.980E-03
+1.638000E+00	-128.653E-03
+1.639000E+00	-128.653E-03
+1.640000E+00	-128.653E-03
+1.641000E+00	-73.980E-03
+1.642000E+00	-73.980E-03
+1.643000E+00	-73.980E-03
+1.644000E+00	-128.653E-03
+1.645000E+00	-128.653E-03
+1.646000E+00	-77.397E-03
+1.647000E+00	-128.653E-03
+1.648000E+00	-77.397E-03
+1.649000E+00	-73.980E-03
+1.650000E+00	-73.980E-03
+1.651000E+00	-73.980E-03
+1.652000E+00	-73.980E-03
+1.653000E+00	-128.653E-03
+1.654000E+00	-73.980E-03
+1.655000E+00	-73.980E-03
+1.656000E+00	-128.653E-03
+1.657000E+00	-73.980E-03
+1.658000E+00	-77.397E-03
+1.659000E+00	-73.980E-03
+1.660000E+00	-73.980E-03
+1.661000E+00	-128.653E-03
+1.662000E+00	-77.397E-03
+1.663000E+00	-73.980E-03
+1.664000E+00	-73.980E-03
+1.665000E+00	-77.397E-03
+1.666000E+00	-73.980E-03
+1.667000E+00	-73.980E-03
+1.668000E+00	-73.980E-03
+1.669000E+00	-73.980E-03
+1.670000E+00	-77.397E-03
+1.671000E+00	-73.980E-03
+1.672000E+00	-73.980E-03
+1.673000E+00	-73.980E-03
+1.674000E+00	-77.397E-03
+1.675000E+00	-73.980E-03
+1.676000E+00	-73.980E-03
+1.677000E+00	-73.980E-03
+1.678000E+00	-77.397E-03
+1.679000E+00	-73.980E-03
+1.680000E+00	-73.980E-03
+1.681000E+00	-73.980E-03
+1.682000E+00	-73.980E-03
+1.683000E+00	-73.980E-03
+1.684000E+00	-73.980E-03
+1.685000E+00	-128.653E-03
+1.686000E+00	-77.397E-03
+1.687000E+00	-73.980E-03
+1.688000E+00	-73.980E-03
+1.689000E+00	-73.980E-03
+1.690000E+00	-73.980E-03
+1.691000E+00	-73.980E-03
+1.692000E+00	-73.980E-03
+1.693000E+00	-73.980E-03
+1.694000E+00	-77.397E-03
+1.695000E+00	-73.980E-03
+1.696000E+00	-128.653E-03
+1.697000E+00	-73.980E-03
+1.698000E+00	-73.980E-03
+1.699000E+00	-73.980E-03
+1.700000E+00	-73.980E-03
+1.701000E+00	-73.980E-03
+1.702000E+00	-73.980E-03
+1.703000E+00	-73.980E-03
+1.704000E+00	-22.724E-03
+1.705000E+00	-73.980E-03
+1.706000E+00	-73.980E-03
+1.707000E+00	-73.980E-03
+1.708000E+00	-73.980E-03
+1.709000E+00	-128.653E-03
+1.710000E+00	-73.980E-03
+1.711000E+00	-73.980E-03
+1.712000E+00	-128.653E-03
+1.713000E+00	-73.980E-03
+1.714000E+00	-73.980E-03
+1.715000E+00	-73.980E-03
+1.716000E+00	-73.980E-03
+1.717000E+00	-73.980E-03
+1.718000E+00	-73.980E-03
+1.719000E+00	-73.980E-03
+1.720000E+00	-73.980E-03
+1.721000E+00	-73.980E-03
+1.722000E+00	-73.980E-03
+1.723000E+00	-73.980E-03
+1.724000E+00	-73.980E-03
+1.725000E+00	-73.980E-03
+1.726000E+00	-73.980E-03
+1.727000E+00	-73.980E-03
+1.728000E+00	-73.980E-03
+1.729000E+00	-73.980E-03
+1.730000E+00	-128.653E-03
+1.731000E+00	-73.980E-03
+1.732000E+00	-73.980E-03
+1.733000E+00	-73.980E-03
+1.734000E+00	-73.980E-03
+1.735000E+00	-73.980E-03
+1.736000E+00	-73.980E-03
+1.737000E+00	-73.980E-03
+1.738000E+00	-73.980E-03
+1.739000E+00	-77.397E-03
+1.740000E+00	-77.397E-03
+1.741000E+00	-73.980E-03
+1.742000E+00	-77.397E-03
+1.743000E+00	-128.653E-03
+1.744000E+00	-73.980E-03
+1.745000E+00	-73.980E-03
+1.746000E+00	-73.980E-03
+1.747000E+00	-128.653E-03
+1.748000E+00	-73.980E-03
+1.749000E+00	-73.980E-03
+1.750000E+00	-73.980E-03
+1.751000E+00	-73.980E-03
+1.752000E+00	-77.397E-03
+1.753000E+00	-73.980E-03
+1.754000E+00	-77.397E-03
+1.755000E+00	-73.980E-03
+1.756000E+00	-128.653E-03
+1.757000E+00	-77.397E-03
+1.758000E+00	-77.397E-03
+1.759000E+00	-73.980E-03
+1.760000E+00	-73.980E-03
+1.761000E+00	-73.980E-03
+1.762000E+00	-73.980E-03
+1.763000E+00	-77.397E-03
+1.764000E+00	-73.980E-03
+1.765000E+00	-73.980E-03
+1.766000E+00	-73.980E-03
+1.767000E+00	-73.980E-03
+1.768000E+00	-77.397E-03
+1.769000E+00	-128.653E-03
+1.770000E+00	-73.980E-03
+1.771000E+00	-73.980E-03
+1.772000E+00	-73.980E-03
+1.773000E+00	-73.980E-03
+1.774000E+00	-77.397E-03
+1.775000E+00	-128.653E-03
+1.776000E+00	-73.980E-03
+1.777000E+00	-128.653E-03
+1.778000E+00	-128.653E-03
+1.779000E+00	-73.980E-03
+1.780000E+00	-73.980E-03
+1.781000E+00	-73.980E-03
+1.782000E+00	-73.980E-03
+1.783000E+00	-73.980E-03
+1.784000E+00	-73.980E-03
+1.785000E+00	-73.980E-03
+1.786000E+00	-73.980E-03
+1.787000E+00	-77.397E-03
+1.788000E+00	-77.397E-03
+1.789000E+00	-73.980E-03
+1.790000E+00	-73.980E-03
+1.791000E+00	-73.980E-03
+1.792000E+00	-73.980E-03
+1.793000E+00	-128.653E-03
+1.794000E+00	-73.980E-03
+1.795000E+00	-73.980E-03
+1.796000E+00	-73.980E-03
+1.797000E+00	-128.653E-03
+1.798000E+00	-73.980E-03
+1.799000E+00	-128.653E-03
+1.800000E+00	-77.397E-03
+1.801000E+00	-73.980E-03
+1.802000E+00	-73.980E-03
+1.803000E+00	-73.980E-03
+1.804000E+00	-73.980E-03
+1.805000E+00	-73.980E-03
+1.806000E+00	-73.980E-03
+1.807000E+00	-73.980E-03
+1.808000E+00	-73.980E-03
+1.809000E+00	-73.980E-03
+1.810000E+00	-77.397E-03
+1.811000E+00	-73.980E-03
+1.812000E+00	-73.980E-03
+1.813000E+00	-73.980E-03
+1.814000E+00	-73.980E-03
+1.815000E+00	-128.653E-03
+1.816000E+00	-73.980E-03
+1.817000E+00	-73.980E-03
+1.818000E+00	-73.980E-03
+1.819000E+00	-73.980E-03
+1.820000E+00	-77.397E-03
+1.821000E+00	-73.980E-03
+1.822000E+00	-73.980E-03
+1.823000E+00	-73.980E-03
+1.824000E+00	-73.980E-03
+1.825000E+00	-77.397E-03
+1.826000E+00	-77.397E-03
+1.827000E+00	-77.397E-03
+1.828000E+00	-73.980E-03
+1.829000E+00	-73.980E-03
+1.830000E+00	-22.724E-03
+1.831000E+00	-73.980E-03
+1.832000E+00	-73.980E-03
+1.833000E+00	-73.980E-03
+1.834000E+00	-73.980E-03
+1.835000E+00	-73.980E-03
+1.836000E+00	-73.980E-03
+1.837000E+00	-73.980E-03
+1.838000E+00	-128.653E-03
+1.839000E+00	-73.980E-03
+1.840000E+00	-73.980E-03
+1.841000E+00	-73.980E-03
+1.842000E+00	-73.980E-03
+1.843000E+00	-128.653E-03
+1.844000E+00	-73.980E-03
+1.845000E+00	-73.980E-03
