x-axis,1,2
second,Volt,Volt
-3.000000E-03,+0.0E+00,+0.0E+00
-2.995000E-03,-20.100502E-03,+6.281407E-03
-2.990000E-03,-16.331658E-03,+0.0E+00
-2.985000E-03,-6.281407E-03,+20.100502E-03
-2.980000E-03,+0.0E+00,+0.0E+00
-2.975000E-03,-12.562814E-03,+6.281407E-03
-2.970000E-03,-16.331658E-03,+0.0E+00
-2.965000E-03,-20.100502E-03,+0.0E+00
-2.960000E-03,-2.512563E-03,+20.100502E-03
-2.955000E-03,-20.100502E-03,+0.0E+00
-2.950000E-03,-2.512563E-03,+16.331658E-03
-2.945000E-03,-6.281407E-03,+6.281407E-03
-2.940000E-03,-2.512563E-03,+0.0E+00
-2.935000E-03,-6.281407E-03,+12.562814E-03
-2.930000E-03,-20.100502E-03,+20.100502E-03
-2.925000E-03,-12.562814E-03,+6.281407E-03
-2.920000E-03,-2.512563E-03,+0.0E+00
-2.915000E-03,-20.100502E-03,+12.562814E-03
-2.910000E-03,-16.331658E-03,+20.100502E-03
-2.905000E-03,-20.100502E-03,+0.0E+00
-2.900000E-03,-20.100502E-03,+2.512563E-03
-2.895000E-03,-20.100502E-03,+12.562814E-03
-2.890000E-03,-20.100502E-03,+20.100502E-03
-2.885000E-03,-20.100502E-03,+0.0E+00
-2.880000E-03,-20.100502E-03,+2.512563E-03
-2.875000E-03,-6.281407E-03,+12.562814E-03
-2.870000E-03,-2.512563E-03,+0.0E+00
-2.865000E-03,-20.100502E-03,+20.100502E-03
-2.860000E-03,-20.100502E-03,+2.512563E-03
-2.855000E-03,+0.0E+00,+0.0E+00
-2.850000E-03,-20.100502E-03,+0.0E+00
-2.845000E-03,-20.100502E-03,+20.100502E-03
-2.840000E-03,-20.100502E-03,+16.331658E-03
-2.835000E-03,+0.0E+00,+0.0E+00
-2.830000E-03,-20.100502E-03,+16.331658E-03
-2.825000E-03,-20.100502E-03,+0.0E+00
-2.820000E-03,-20.100502E-03,+0.0E+00
-2.815000E-03,-20.100502E-03,+12.562814E-03
-2.810000E-03,-20.100502E-03,+0.0E+00
-2.805000E-03,-20.100502E-03,+6.281407E-03
-2.800000E-03,-16.331658E-03,+0.0E+00
-2.795000E-03,-20.100502E-03,+6.281407E-03
-2.790000E-03,-20.100502E-03,+16.331658E-03
-2.785000E-03,+0.0E+00,+12.562814E-03
-2.780000E-03,-20.100502E-03,+2.512563E-03
-2.775000E-03,+0.0E+00,+0.0E+00
-2.770000E-03,+0.0E+00,+2.512563E-03
-2.765000E-03,-20.100502E-03,+0.0E+00
-2.760000E-03,-20.100502E-03,+2.512563E-03
-2.755000E-03,-20.100502E-03,+0.0E+00
-2.750000E-03,-16.331658E-03,+2.512563E-03
-2.745000E-03,-12.562814E-03,+12.562814E-03
-2.740000E-03,-20.100502E-03,+0.0E+00
-2.735000E-03,+0.0E+00,+6.281407E-03
-2.730000E-03,-2.512563E-03,+20.100502E-03
-2.725000E-03,-12.562814E-03,+6.281407E-03
-2.720000E-03,-20.100502E-03,+2.512563E-03
-2.715000E-03,-12.562814E-03,+12.562814E-03
-2.710000E-03,-16.331658E-03,+0.0E+00
-2.705000E-03,-20.100502E-03,+0.0E+00
-2.700000E-03,+0.0E+00,+0.0E+00
-2.695000E-03,-12.562814E-03,+0.0E+00
-2.690000E-03,-16.331658E-03,+16.331658E-03
-2.685000E-03,+0.0E+00,+0.0E+00
-2.680000E-03,-2.512563E-03,+16.331658E-03
-2.675000E-03,-12.562814E-03,+0.0E+00
-2.670000E-03,-16.331658E-03,+2.512563E-03
-2.665000E-03,-12.562814E-03,+0.0E+00
-2.660000E-03,-20.100502E-03,+0.0E+00
-2.655000E-03,-6.281407E-03,+20.100502E-03
-2.650000E-03,+0.0E+00,+16.331658E-03
-2.645000E-03,-6.281407E-03,+12.562814E-03
-2.640000E-03,+0.0E+00,+0.0E+00
-2.635000E-03,+0.0E+00,+6.281407E-03
-2.630000E-03,+0.0E+00,+20.100502E-03
-2.625000E-03,-12.562814E-03,+20.100502E-03
-2.620000E-03,-16.331658E-03,+0.0E+00
-2.615000E-03,+0.0E+00,+0.0E+00
-2.610000E-03,-16.331658E-03,+0.0E+00
-2.605000E-03,-6.281407E-03,+0.0E+00
-2.600000E-03,-2.512563E-03,+0.0E+00
-2.595000E-03,-6.281407E-03,+12.562814E-03
-2.590000E-03,+0.0E+00,+2.512563E-03
-2.585000E-03,-6.281407E-03,+12.562814E-03
-2.580000E-03,-16.331658E-03,+0.0E+00
-2.575000E-03,-20.100502E-03,+0.0E+00
-2.570000E-03,-16.331658E-03,+0.0E+00
-2.565000E-03,-12.562814E-03,+0.0E+00
-2.560000E-03,-16.331658E-03,+0.0E+00
-2.555000E-03,-20.100502E-03,+12.562814E-03
-2.550000E-03,+0.0E+00,+0.0E+00
-2.545000E-03,+0.0E+00,+0.0E+00
-2.540000E-03,-2.512563E-03,+0.0E+00
-2.535000E-03,+0.0E+00,+0.0E+00
-2.530000E-03,+0.0E+00,+20.100502E-03
-2.525000E-03,+0.0E+00,+12.562814E-03
-2.520000E-03,-16.331658E-03,+0.0E+00
-2.515000E-03,-12.562814E-03,+0.0E+00
-2.510000E-03,+0.0E+00,+16.331658E-03
-2.505000E-03,-20.100502E-03,+12.562814E-03
-2.500000E-03,-20.100502E-03,+0.0E+00
-2.495000E-03,-6.281407E-03,+0.0E+00
-2.490000E-03,-16.331658E-03,+0.0E+00
-2.485000E-03,+0.0E+00,+0.0E+00
-2.480000E-03,-16.331658E-03,+0.0E+00
-2.475000E-03,-6.281407E-03,+0.0E+00
-2.470000E-03,-2.512563E-03,+0.0E+00
-2.465000E-03,+0.0E+00,+6.281407E-03
-2.460000E-03,-16.331658E-03,+0.0E+00
-2.455000E-03,-20.100502E-03,+20.100502E-03
-2.450000E-03,-2.512563E-03,+0.0E+00
-2.445000E-03,+0.0E+00,+0.0E+00
-2.440000E-03,+0.0E+00,+0.0E+00
-2.435000E-03,+0.0E+00,+0.0E+00
-2.430000E-03,-16.331658E-03,+0.0E+00
-2.425000E-03,+0.0E+00,+0.0E+00
-2.420000E-03,-16.331658E-03,+16.331658E-03
-2.415000E-03,-6.281407E-03,+6.281407E-03
-2.410000E-03,-20.100502E-03,+0.0E+00
-2.405000E-03,-12.562814E-03,+6.281407E-03
-2.400000E-03,+0.0E+00,+0.0E+00
-2.395000E-03,+0.0E+00,+0.0E+00
-2.390000E-03,+0.0E+00,+0.0E+00
-2.385000E-03,-6.281407E-03,+0.0E+00
-2.380000E-03,+0.0E+00,+20.100502E-03
-2.375000E-03,+0.0E+00,+0.0E+00
-2.370000E-03,+0.0E+00,+0.0E+00
-2.365000E-03,+0.0E+00,+20.100502E-03
-2.360000E-03,+0.0E+00,+0.0E+00
-2.355000E-03,-12.562814E-03,+12.562814E-03
-2.350000E-03,-20.100502E-03,+0.0E+00
-2.345000E-03,-6.281407E-03,+0.0E+00
-2.340000E-03,-16.331658E-03,+0.0E+00
-2.335000E-03,+0.0E+00,+0.0E+00
-2.330000E-03,+0.0E+00,+0.0E+00
-2.325000E-03,+0.0E+00,+0.0E+00
-2.320000E-03,-20.100502E-03,+0.0E+00
-2.315000E-03,+0.0E+00,+6.281407E-03
-2.310000E-03,-32.663316E-03,+2.512563E-03
-2.305000E-03,+0.0E+00,+6.281407E-03
-2.300000E-03,+0.0E+00,+0.0E+00
-2.295000E-03,-12.562814E-03,+0.0E+00
-2.290000E-03,+0.0E+00,-16.331658E-03
-2.285000E-03,+0.0E+00,+0.0E+00
-2.280000E-03,+0.0E+00,+0.0E+00
-2.275000E-03,+0.0E+00,+0.0E+00
-2.270000E-03,-16.331658E-03,+0.0E+00
-2.265000E-03,+0.0E+00,+0.0E+00
-2.260000E-03,+0.0E+00,+0.0E+00
-2.255000E-03,-20.100502E-03,+0.0E+00
-2.250000E-03,-16.331658E-03,+0.0E+00
-2.245000E-03,-20.100502E-03,+0.0E+00
-2.240000E-03,-2.512563E-03,+0.0E+00
-2.235000E-03,+0.0E+00,+0.0E+00
-2.230000E-03,-2.512563E-03,+0.0E+00
-2.225000E-03,-12.562814E-03,+0.0E+00
-2.220000E-03,+0.0E+00,+0.0E+00
-2.215000E-03,-6.281407E-03,+0.0E+00
-2.210000E-03,-20.100502E-03,+0.0E+00
-2.205000E-03,-6.281407E-03,+0.0E+00
-2.200000E-03,-20.100502E-03,+0.0E+00
-2.195000E-03,-6.281407E-03,+0.0E+00
-2.190000E-03,-20.100502E-03,+0.0E+00
-2.185000E-03,-12.562814E-03,+0.0E+00
-2.180000E-03,-20.100502E-03,+0.0E+00
-2.175000E-03,-20.100502E-03,+0.0E+00
-2.170000E-03,-16.331658E-03,+2.512563E-03
-2.165000E-03,-20.100502E-03,+0.0E+00
-2.160000E-03,-16.331658E-03,+0.0E+00
-2.155000E-03,-20.100502E-03,+0.0E+00
-2.150000E-03,-20.100502E-03,-16.331658E-03
-2.145000E-03,-12.562814E-03,+0.0E+00
-2.140000E-03,-16.331658E-03,+0.0E+00
-2.135000E-03,-20.100502E-03,+0.0E+00
-2.130000E-03,-20.100502E-03,+0.0E+00
-2.125000E-03,-20.100502E-03,+0.0E+00
-2.120000E-03,-20.100502E-03,+16.331658E-03
-2.115000E-03,-20.100502E-03,+0.0E+00
-2.110000E-03,-20.100502E-03,+0.0E+00
-2.105000E-03,-6.281407E-03,-12.562814E-03
-2.100000E-03,-20.100502E-03,+0.0E+00
-2.095000E-03,-20.100502E-03,+0.0E+00
-2.090000E-03,-2.512563E-03,+0.0E+00
-2.085000E-03,-12.562814E-03,+0.0E+00
-2.080000E-03,+0.0E+00,+0.0E+00
-2.075000E-03,-20.100502E-03,+20.100502E-03
-2.070000E-03,-20.100502E-03,+0.0E+00
-2.065000E-03,-20.100502E-03,+6.281407E-03
-2.060000E-03,-2.512563E-03,+0.0E+00
-2.055000E-03,-12.562814E-03,+0.0E+00
-2.050000E-03,-20.100502E-03,+0.0E+00
-2.045000E-03,-12.562814E-03,+20.100502E-03
-2.040000E-03,-16.331658E-03,+0.0E+00
-2.035000E-03,-20.100502E-03,+0.0E+00
-2.030000E-03,-20.100502E-03,+0.0E+00
-2.025000E-03,-20.100502E-03,+0.0E+00
-2.020000E-03,+0.0E+00,+0.0E+00
-2.015000E-03,-20.100502E-03,-12.562814E-03
-2.010000E-03,-20.100502E-03,+0.0E+00
-2.005000E-03,-20.100502E-03,+0.0E+00
-2.000000E-03,-20.100502E-03,+2.512563E-03
-1.995000E-03,-20.100502E-03,+0.0E+00
-1.990000E-03,-20.100502E-03,+16.331658E-03
-1.985000E-03,-20.100502E-03,+0.0E+00
-1.980000E-03,-2.512563E-03,+0.0E+00
-1.975000E-03,-6.281407E-03,+0.0E+00
-1.970000E-03,+0.0E+00,+16.331658E-03
-1.965000E-03,-20.100502E-03,+0.0E+00
-1.960000E-03,-20.100502E-03,+0.0E+00
-1.955000E-03,-6.281407E-03,+0.0E+00
-1.950000E-03,-20.100502E-03,+16.331658E-03
-1.945000E-03,-20.100502E-03,+0.0E+00
-1.940000E-03,-20.100502E-03,+16.331658E-03
-1.935000E-03,-20.100502E-03,+6.281407E-03
-1.930000E-03,-20.100502E-03,+2.512563E-03
-1.925000E-03,-6.281407E-03,-12.562814E-03
-1.920000E-03,+0.0E+00,+2.512563E-03
-1.915000E-03,-12.562814E-03,+6.281407E-03
-1.910000E-03,-16.331658E-03,+16.331658E-03
-1.905000E-03,-6.281407E-03,+6.281407E-03
-1.900000E-03,-16.331658E-03,+2.512563E-03
-1.895000E-03,-12.562814E-03,+0.0E+00
-1.890000E-03,-16.331658E-03,+16.331658E-03
-1.885000E-03,+0.0E+00,+12.562814E-03
-1.880000E-03,-2.512563E-03,+0.0E+00
-1.875000E-03,-20.100502E-03,+0.0E+00
-1.870000E-03,-20.100502E-03,+16.331658E-03
-1.865000E-03,-12.562814E-03,+12.562814E-03
-1.860000E-03,-20.100502E-03,+0.0E+00
-1.855000E-03,+0.0E+00,+12.562814E-03
-1.850000E-03,-16.331658E-03,+0.0E+00
-1.845000E-03,+0.0E+00,+0.0E+00
-1.840000E-03,-20.100502E-03,+2.512563E-03
-1.835000E-03,-12.562814E-03,+12.562814E-03
-1.830000E-03,-2.512563E-03,+0.0E+00
-1.825000E-03,-20.100502E-03,+12.562814E-03
-1.820000E-03,-20.100502E-03,+0.0E+00
-1.815000E-03,-6.281407E-03,+0.0E+00
-1.810000E-03,-20.100502E-03,+20.100502E-03
-1.805000E-03,-20.100502E-03,+0.0E+00
-1.800000E-03,-20.100502E-03,+0.0E+00
-1.795000E-03,+0.0E+00,+6.281407E-03
-1.790000E-03,-16.331658E-03,+20.100502E-03
-1.785000E-03,-6.281407E-03,+0.0E+00
-1.780000E-03,-20.100502E-03,+16.331658E-03
-1.775000E-03,+0.0E+00,+20.100502E-03
-1.770000E-03,-20.100502E-03,+0.0E+00
-1.765000E-03,-6.281407E-03,+6.281407E-03
-1.760000E-03,-20.100502E-03,+2.512563E-03
-1.755000E-03,-6.281407E-03,+6.281407E-03
-1.750000E-03,-22.613065E-03,+0.0E+00
-1.745000E-03,-6.281407E-03,+12.562814E-03
-1.740000E-03,-2.512563E-03,+0.0E+00
-1.735000E-03,-6.281407E-03,+0.0E+00
-1.730000E-03,-16.331658E-03,+16.331658E-03
-1.725000E-03,-6.281407E-03,+0.0E+00
-1.720000E-03,-2.512563E-03,+20.100502E-03
-1.715000E-03,+0.0E+00,+0.0E+00
-1.710000E-03,-20.100502E-03,+0.0E+00
-1.705000E-03,-20.100502E-03,+0.0E+00
-1.700000E-03,-2.512563E-03,+0.0E+00
-1.695000E-03,+0.0E+00,+0.0E+00
-1.690000E-03,-20.100502E-03,+2.512563E-03
-1.685000E-03,+0.0E+00,+0.0E+00
-1.680000E-03,-20.100502E-03,+0.0E+00
-1.675000E-03,-20.100502E-03,+6.281407E-03
-1.670000E-03,-20.100502E-03,+0.0E+00
-1.665000E-03,-6.281407E-03,+0.0E+00
-1.660000E-03,-20.100502E-03,+2.512563E-03
-1.655000E-03,-20.100502E-03,+12.562814E-03
-1.650000E-03,-2.512563E-03,+0.0E+00
-1.645000E-03,-6.281407E-03,+0.0E+00
-1.640000E-03,-20.100502E-03,+0.0E+00
-1.635000E-03,-20.100502E-03,+20.100502E-03
-1.630000E-03,-20.100502E-03,+0.0E+00
-1.625000E-03,-12.562814E-03,+20.100502E-03
-1.620000E-03,-2.512563E-03,+0.0E+00
-1.615000E-03,-20.100502E-03,+12.562814E-03
-1.610000E-03,-20.100502E-03,+0.0E+00
-1.605000E-03,-20.100502E-03,+6.281407E-03
-1.600000E-03,-20.100502E-03,+0.0E+00
-1.595000E-03,+0.0E+00,+12.562814E-03
-1.590000E-03,-20.100502E-03,+0.0E+00
-1.585000E-03,-20.100502E-03,+20.100502E-03
-1.580000E-03,-20.100502E-03,+0.0E+00
-1.575000E-03,-6.281407E-03,+0.0E+00
-1.570000E-03,-16.331658E-03,+16.331658E-03
-1.565000E-03,-12.562814E-03,+6.281407E-03
-1.560000E-03,+0.0E+00,+0.0E+00
-1.555000E-03,-12.562814E-03,+0.0E+00
-1.550000E-03,-20.100502E-03,+2.512563E-03
-1.545000E-03,-12.562814E-03,+0.0E+00
-1.540000E-03,-16.331658E-03,+0.0E+00
-1.535000E-03,-20.100502E-03,+0.0E+00
-1.530000E-03,-2.512563E-03,+0.0E+00
-1.525000E-03,-12.562814E-03,+6.281407E-03
-1.520000E-03,-20.100502E-03,+16.331658E-03
-1.515000E-03,+0.0E+00,+0.0E+00
-1.510000E-03,+0.0E+00,+0.0E+00
-1.505000E-03,-20.100502E-03,+0.0E+00
-1.500000E-03,-2.512563E-03,+2.512563E-03
-1.495000E-03,-12.562814E-03,+0.0E+00
-1.490000E-03,-16.331658E-03,+0.0E+00
-1.485000E-03,-20.100502E-03,+0.0E+00
-1.480000E-03,-16.331658E-03,+2.512563E-03
-1.475000E-03,-20.100502E-03,+0.0E+00
-1.470000E-03,-2.512563E-03,+0.0E+00
-1.465000E-03,-20.100502E-03,+20.100502E-03
-1.460000E-03,-20.100502E-03,+0.0E+00
-1.455000E-03,-12.562814E-03,+0.0E+00
-1.450000E-03,-20.100502E-03,+0.0E+00
-1.445000E-03,-12.562814E-03,+12.562814E-03
-1.440000E-03,+0.0E+00,+2.512563E-03
-1.435000E-03,-12.562814E-03,+0.0E+00
-1.430000E-03,-16.331658E-03,+0.0E+00
-1.425000E-03,-20.100502E-03,+0.0E+00
-1.420000E-03,-2.512563E-03,+16.331658E-03
-1.415000E-03,+0.0E+00,+20.100502E-03
-1.410000E-03,-20.100502E-03,+0.0E+00
-1.405000E-03,-20.100502E-03,+0.0E+00
-1.400000E-03,+0.0E+00,+0.0E+00
-1.395000E-03,-12.562814E-03,+0.0E+00
-1.390000E-03,-20.100502E-03,+0.0E+00
-1.385000E-03,-20.100502E-03,+0.0E+00
-1.380000E-03,+0.0E+00,+2.512563E-03
-1.375000E-03,-12.562814E-03,+0.0E+00
-1.370000E-03,-2.512563E-03,+0.0E+00
-1.365000E-03,-12.562814E-03,+0.0E+00
-1.360000E-03,-2.512563E-03,+0.0E+00
-1.355000E-03,-6.281407E-03,+0.0E+00
-1.350000E-03,-16.331658E-03,-16.331658E-03
-1.345000E-03,-12.562814E-03,+0.0E+00
-1.340000E-03,-16.331658E-03,+0.0E+00
-1.335000E-03,-6.281407E-03,+0.0E+00
-1.330000E-03,-20.100502E-03,-2.512563E-03
-1.325000E-03,-12.562814E-03,+0.0E+00
-1.320000E-03,-2.512563E-03,+0.0E+00
-1.315000E-03,-12.562814E-03,+0.0E+00
-1.310000E-03,-2.512563E-03,+0.0E+00
-1.305000E-03,-20.100502E-03,+0.0E+00
-1.300000E-03,-20.100502E-03,+0.0E+00
-1.295000E-03,-20.100502E-03,+0.0E+00
-1.290000E-03,-20.100502E-03,+0.0E+00
-1.285000E-03,-12.562814E-03,-12.562814E-03
-1.280000E-03,-16.331658E-03,+0.0E+00
-1.275000E-03,-20.100502E-03,+0.0E+00
-1.270000E-03,-16.331658E-03,+0.0E+00
-1.265000E-03,-12.562814E-03,-6.281407E-03
-1.260000E-03,-20.100502E-03,+0.0E+00
-1.255000E-03,-20.100502E-03,+0.0E+00
-1.250000E-03,-2.512563E-03,+0.0E+00
-1.245000E-03,-6.281407E-03,+6.281407E-03
-1.240000E-03,-16.331658E-03,+0.0E+00
-1.235000E-03,-6.281407E-03,+0.0E+00
-1.230000E-03,-20.100502E-03,+16.331658E-03
-1.225000E-03,-20.100502E-03,+0.0E+00
-1.220000E-03,-2.512563E-03,+16.331658E-03
-1.215000E-03,-12.562814E-03,+0.0E+00
-1.210000E-03,-20.100502E-03,+0.0E+00
-1.205000E-03,-12.562814E-03,+0.0E+00
-1.200000E-03,-16.331658E-03,+2.512563E-03
-1.195000E-03,-12.562814E-03,+0.0E+00
-1.190000E-03,-2.512563E-03,+0.0E+00
-1.185000E-03,-12.562814E-03,+12.562814E-03
-1.180000E-03,-2.512563E-03,+16.331658E-03
-1.175000E-03,-20.100502E-03,+0.0E+00
-1.170000E-03,-20.100502E-03,+0.0E+00
-1.165000E-03,-20.100502E-03,+0.0E+00
-1.160000E-03,-20.100502E-03,+0.0E+00
-1.155000E-03,-20.100502E-03,+0.0E+00
-1.150000E-03,-2.512563E-03,+16.331658E-03
-1.145000E-03,-20.100502E-03,+0.0E+00
-1.140000E-03,-20.100502E-03,+0.0E+00
-1.135000E-03,-32.663316E-03,-6.281407E-03
-1.130000E-03,-16.331658E-03,+0.0E+00
-1.125000E-03,-20.100502E-03,+0.0E+00
-1.120000E-03,-2.512563E-03,+0.0E+00
-1.115000E-03,-12.562814E-03,+0.0E+00
-1.110000E-03,-20.100502E-03,-16.331658E-03
-1.105000E-03,-12.562814E-03,+0.0E+00
-1.100000E-03,-20.100502E-03,+2.512563E-03
-1.095000E-03,-20.100502E-03,+6.281407E-03
-1.090000E-03,-16.331658E-03,+16.331658E-03
-1.085000E-03,-12.562814E-03,+0.0E+00
-1.080000E-03,-2.512563E-03,+0.0E+00
-1.075000E-03,+0.0E+00,+0.0E+00
-1.070000E-03,-20.100502E-03,+0.0E+00
-1.065000E-03,-6.281407E-03,+0.0E+00
-1.060000E-03,-20.100502E-03,+0.0E+00
-1.055000E-03,-20.100502E-03,+0.0E+00
-1.050000E-03,-16.331658E-03,+0.0E+00
-1.045000E-03,-6.281407E-03,+0.0E+00
-1.040000E-03,-16.331658E-03,+0.0E+00
-1.035000E-03,-20.100502E-03,+0.0E+00
-1.030000E-03,-2.512563E-03,+0.0E+00
-1.025000E-03,-20.100502E-03,+0.0E+00
-1.020000E-03,-20.100502E-03,+0.0E+00
-1.015000E-03,-12.562814E-03,+0.0E+00
-1.010000E-03,-2.512563E-03,+0.0E+00
-1.005000E-03,-12.562814E-03,+0.0E+00
-1.000000E-03,-20.100502E-03,+0.0E+00
-995.000E-06,-6.281407E-03,+12.562814E-03
-990.000E-06,-2.512563E-03,-2.512563E-03
-985.000E-06,-6.281407E-03,+0.0E+00
-980.000E-06,-2.512563E-03,+16.331658E-03
-975.000E-06,-20.100502E-03,+0.0E+00
-970.000E-06,-2.512563E-03,+0.0E+00
-965.000E-06,-12.562814E-03,+0.0E+00
-960.000E-06,-20.100502E-03,+0.0E+00
-955.000E-06,-12.562814E-03,-12.562814E-03
-950.000E-06,-16.331658E-03,+0.0E+00
-945.000E-06,-12.562814E-03,+0.0E+00
-940.000E-06,-36.432160E-03,+0.0E+00
-935.000E-06,-20.100502E-03,+6.281407E-03
-930.000E-06,-2.512563E-03,+0.0E+00
-925.000E-06,-20.100502E-03,+0.0E+00
-920.000E-06,-20.100502E-03,+0.0E+00
-915.000E-06,-20.100502E-03,+0.0E+00
-910.000E-06,-2.512563E-03,+2.512563E-03
-905.000E-06,+0.0E+00,+0.0E+00
-900.000E-06,-2.512563E-03,+0.0E+00
-895.000E-06,-20.100502E-03,+0.0E+00
-890.000E-06,-20.100502E-03,+0.0E+00
-885.000E-06,-20.100502E-03,+0.0E+00
-880.000E-06,-16.331658E-03,+0.0E+00
-875.000E-06,-20.100502E-03,+0.0E+00
-870.000E-06,-20.100502E-03,+16.331658E-03
-865.000E-06,-20.100502E-03,+0.0E+00
-860.000E-06,-20.100502E-03,+16.331658E-03
-855.000E-06,-20.100502E-03,+6.281407E-03
-850.000E-06,-20.100502E-03,+2.512563E-03
-845.000E-06,+0.0E+00,+0.0E+00
-840.000E-06,-16.331658E-03,+20.100502E-03
-835.000E-06,-12.562814E-03,+0.0E+00
-830.000E-06,-20.100502E-03,+16.331658E-03
-825.000E-06,-20.100502E-03,+20.100502E-03
-820.000E-06,-2.512563E-03,+0.0E+00
-815.000E-06,-20.100502E-03,+12.562814E-03
-810.000E-06,+0.0E+00,+0.0E+00
-805.000E-06,-20.100502E-03,+0.0E+00
-800.000E-06,-20.100502E-03,+0.0E+00
-795.000E-06,-26.381909E-03,+12.562814E-03
-790.000E-06,-2.512563E-03,+2.512563E-03
-785.000E-06,-20.100502E-03,+0.0E+00
-780.000E-06,-20.100502E-03,+16.331658E-03
-775.000E-06,-12.562814E-03,+20.100502E-03
-770.000E-06,-20.100502E-03,+0.0E+00
-765.000E-06,-20.100502E-03,+6.281407E-03
-760.000E-06,-20.100502E-03,+0.0E+00
-755.000E-06,-20.100502E-03,+0.0E+00
-750.000E-06,-20.100502E-03,+0.0E+00
-745.000E-06,-20.100502E-03,+12.562814E-03
-740.000E-06,-20.100502E-03,+0.0E+00
-735.000E-06,-20.100502E-03,+0.0E+00
-730.000E-06,-20.100502E-03,+2.512563E-03
-725.000E-06,-20.100502E-03,+0.0E+00
-720.000E-06,-20.100502E-03,+2.512563E-03
-715.000E-06,-6.281407E-03,+0.0E+00
-710.000E-06,-16.331658E-03,+0.0E+00
-705.000E-06,-20.100502E-03,+6.281407E-03
-700.000E-06,-20.100502E-03,+2.512563E-03
-695.000E-06,-20.100502E-03,+0.0E+00
-690.000E-06,-20.100502E-03,+0.0E+00
-685.000E-06,-12.562814E-03,+0.0E+00
-680.000E-06,-20.100502E-03,+2.512563E-03
-675.000E-06,-20.100502E-03,+0.0E+00
-670.000E-06,-20.100502E-03,+0.0E+00
-665.000E-06,-20.100502E-03,+0.0E+00
-660.000E-06,-16.331658E-03,+16.331658E-03
-655.000E-06,-20.100502E-03,+0.0E+00
-650.000E-06,-2.512563E-03,+0.0E+00
-645.000E-06,-6.281407E-03,+0.0E+00
-640.000E-06,-2.512563E-03,+0.0E+00
-635.000E-06,-6.281407E-03,+0.0E+00
-630.000E-06,-20.100502E-03,+0.0E+00
-625.000E-06,-6.281407E-03,+0.0E+00
-620.000E-06,-20.100502E-03,+16.331658E-03
-615.000E-06,-20.100502E-03,+6.281407E-03
-610.000E-06,-20.100502E-03,+20.100502E-03
-605.000E-06,-20.100502E-03,+0.0E+00
-600.000E-06,-20.100502E-03,+0.0E+00
-595.000E-06,-20.100502E-03,+0.0E+00
-590.000E-06,-20.100502E-03,+0.0E+00
-585.000E-06,-20.100502E-03,+0.0E+00
-580.000E-06,-16.331658E-03,+0.0E+00
-575.000E-06,-20.100502E-03,+0.0E+00
-570.000E-06,-20.100502E-03,-16.331658E-03
-565.000E-06,-20.100502E-03,+6.281407E-03
-560.000E-06,-20.100502E-03,+16.331658E-03
-555.000E-06,-12.562814E-03,+6.281407E-03
-550.000E-06,-2.512563E-03,+0.0E+00
-545.000E-06,-20.100502E-03,+6.281407E-03
-540.000E-06,-20.100502E-03,+0.0E+00
-535.000E-06,-6.281407E-03,+0.0E+00
-530.000E-06,-2.512563E-03,+0.0E+00
-525.000E-06,-12.562814E-03,+0.0E+00
-520.000E-06,-20.100502E-03,+0.0E+00
-515.000E-06,-6.281407E-03,+12.562814E-03
-510.000E-06,-16.331658E-03,+0.0E+00
-505.000E-06,-20.100502E-03,+12.562814E-03
-500.000E-06,-2.512563E-03,+20.100502E-03
-495.000E-06,-12.562814E-03,+0.0E+00
-490.000E-06,+0.0E+00,-12.562814E-03
-485.000E-06,-20.100502E-03,+0.0E+00
-480.000E-06,-2.512563E-03,+0.0E+00
-475.000E-06,-6.281407E-03,+12.562814E-03
-470.000E-06,-20.100502E-03,+0.0E+00
-465.000E-06,-6.281407E-03,+6.281407E-03
-460.000E-06,-16.331658E-03,+2.512563E-03
-455.000E-06,-20.100502E-03,+0.0E+00
-450.000E-06,+0.0E+00,+0.0E+00
-445.000E-06,-20.100502E-03,+12.562814E-03
-440.000E-06,-20.100502E-03,+2.512563E-03
-435.000E-06,-20.100502E-03,+6.281407E-03
-430.000E-06,-20.100502E-03,+0.0E+00
-425.000E-06,-12.562814E-03,+0.0E+00
-420.000E-06,-20.100502E-03,+0.0E+00
-415.000E-06,-6.281407E-03,+0.0E+00
-410.000E-06,-2.512563E-03,+16.331658E-03
-405.000E-06,+0.0E+00,+0.0E+00
-400.000E-06,+0.0E+00,+0.0E+00
-395.000E-06,-20.100502E-03,+6.281407E-03
-390.000E-06,-16.331658E-03,+0.0E+00
-385.000E-06,-20.100502E-03,+6.281407E-03
-380.000E-06,-2.512563E-03,+2.512563E-03
-375.000E-06,-6.281407E-03,+20.100502E-03
-370.000E-06,-16.331658E-03,+0.0E+00
-365.000E-06,-6.281407E-03,+12.562814E-03
-360.000E-06,-20.100502E-03,+0.0E+00
-355.000E-06,-20.100502E-03,+6.281407E-03
-350.000E-06,-20.100502E-03,+16.331658E-03
-345.000E-06,-20.100502E-03,+12.562814E-03
-340.000E-06,-20.100502E-03,+16.331658E-03
-335.000E-06,-6.281407E-03,+0.0E+00
-330.000E-06,-2.512563E-03,+0.0E+00
-325.000E-06,-12.562814E-03,+0.0E+00
-320.000E-06,-20.100502E-03,+20.100502E-03
-315.000E-06,+0.0E+00,+0.0E+00
-310.000E-06,-20.100502E-03,+0.0E+00
-305.000E-06,-20.100502E-03,+0.0E+00
-300.000E-06,-20.100502E-03,+0.0E+00
-295.000E-06,-6.281407E-03,+0.0E+00
-290.000E-06,-20.100502E-03,+2.512563E-03
-285.000E-06,-12.562814E-03,+0.0E+00
-280.000E-06,-2.512563E-03,+2.512563E-03
-275.000E-06,-20.100502E-03,+0.0E+00
-270.000E-06,-20.100502E-03,+0.0E+00
-265.000E-06,-6.281407E-03,+0.0E+00
-260.000E-06,+0.0E+00,+0.0E+00
-255.000E-06,-20.100502E-03,+0.0E+00
-250.000E-06,-20.100502E-03,+2.512563E-03
-245.000E-06,-20.100502E-03,+0.0E+00
-240.000E-06,-20.100502E-03,+0.0E+00
-235.000E-06,-6.281407E-03,+6.281407E-03
-230.000E-06,-2.512563E-03,+0.0E+00
-225.000E-06,-12.562814E-03,+12.562814E-03
-220.000E-06,-2.512563E-03,+2.512563E-03
-215.000E-06,-6.281407E-03,+0.0E+00
-210.000E-06,-2.512563E-03,+0.0E+00
-205.000E-06,-6.281407E-03,+0.0E+00
-200.000E-06,-20.100502E-03,+0.0E+00
-195.000E-06,-20.100502E-03,+12.562814E-03
-190.000E-06,-16.331658E-03,+0.0E+00
-185.000E-06,-12.562814E-03,+0.0E+00
-180.000E-06,-16.331658E-03,+0.0E+00
-175.000E-06,-20.100502E-03,+0.0E+00
-170.000E-06,+0.0E+00,+0.0E+00
-165.000E-06,-20.100502E-03,+6.281407E-03
-160.000E-06,-20.100502E-03,+0.0E+00
-155.000E-06,-6.281407E-03,+0.0E+00
-150.000E-06,-20.100502E-03,+0.0E+00
-145.000E-06,-12.562814E-03,+0.0E+00
-140.000E-06,-16.331658E-03,+0.0E+00
-135.000E-06,-6.281407E-03,+0.0E+00
-130.000E-06,-20.100502E-03,-2.512563E-03
-125.000E-06,-20.100502E-03,+0.0E+00
-120.000E-06,-2.512563E-03,+0.0E+00
-115.000E-06,+0.0E+00,+0.0E+00
-110.000E-06,-16.331658E-03,+0.0E+00
-105.000E-06,+0.0E+00,+0.0E+00
-100.000E-06,-20.100502E-03,+0.0E+00
-95.000E-06,-12.562814E-03,+12.562814E-03
-90.000E-06,+0.0E+00,+0.0E+00
-85.000E-06,-20.100502E-03,+0.0E+00
-80.000E-06,-2.512563E-03,+0.0E+00
-75.000E-06,+0.0E+00,+0.0E+00
-70.000E-06,-16.331658E-03,+16.331658E-03
-65.000E-06,-12.562814E-03,+0.0E+00
-60.000E-06,-16.331658E-03,+0.0E+00
-55.000E-06,-20.100502E-03,+0.0E+00
-50.000E-06,+0.0E+00,+2.512563E-03
-45.000E-06,+0.0E+00,+0.0E+00
-40.000E-06,-16.331658E-03,+0.0E+00
-35.000E-06,-6.281407E-03,+0.0E+00
-30.000E-06,+0.0E+00,+0.0E+00
-25.000E-06,-12.562814E-03,+0.0E+00
-20.000E-06,-16.331658E-03,+0.0E+00
-15.000E-06,-12.562814E-03,+0.0E+00
-10.000E-06,-16.331658E-03,+0.0E+00
-5.000E-06,-12.562814E-03,+0.0E+00
-0.0E+00,+0.0E+00,+0.0E+00
+5.000E-06,-20.100502E-03,+0.0E+00
+10.000E-06,-2.512563E-03,+0.0E+00
+15.000E-06,-12.562814E-03,+6.281407E-03
+20.000E-06,+2.512563E-03,-16.331658E-03
+25.000E-06,+0.0E+00,-66.582914E-03
+30.000E-06,+0.0E+00,-100.502511E-03
+35.000E-06,-6.281407E-03,-160.804018E-03
+40.000E-06,+0.0E+00,-180.904521E-03
+45.000E-06,+6.281407E-03,-221.105525E-03
+50.000E-06,+0.0E+00,-261.306530E-03
+55.000E-06,+6.281407E-03,-287.688439E-03
+60.000E-06,+16.331658E-03,-321.608037E-03
+65.000E-06,+6.281407E-03,-374.371855E-03
+70.000E-06,+2.512563E-03,-404.522609E-03
+75.000E-06,+0.0E+00,-422.110548E-03
+80.000E-06,+16.331658E-03,-482.412055E-03
+85.000E-06,+6.281407E-03,-502.512557E-03
+90.000E-06,+0.0E+00,-542.713562E-03
+95.000E-06,+0.0E+00,-562.814064E-03
+100.000E-06,+0.0E+00,-603.015069E-03
+105.000E-06,+20.100502E-03,-635.678385E-03
+110.000E-06,+2.512563E-03,-663.316576E-03
+115.000E-06,+0.0E+00,-695.979892E-03
+120.000E-06,+20.100502E-03,-719.849239E-03
+125.000E-06,+0.0E+00,-756.281399E-03
+130.000E-06,+2.512563E-03,-783.919590E-03
+135.000E-06,+12.562814E-03,-804.020092E-03
+140.000E-06,+0.0E+00,-824.120594E-03
+145.000E-06,+20.100502E-03,-844.221096E-03
+150.000E-06,+16.331658E-03,-884.422101E-03
+155.000E-06,+0.0E+00,-904.522603E-03
+160.000E-06,+16.331658E-03,-924.623106E-03
+165.000E-06,+0.0E+00,-964.824110E-03
+170.000E-06,+0.0E+00,-967.336673E-03
+175.000E-06,+0.0E+00,-1.005025115E+00
+180.000E-06,+0.0E+00,-1.025125617E+00
+185.000E-06,+0.0E+00,-1.045226119E+00
+190.000E-06,+0.0E+00,-1.065326622E+00
+195.000E-06,+0.0E+00,-1.077889436E+00
+200.000E-06,+2.512563E-03,-1.105527626E+00
+205.000E-06,+20.100502E-03,-1.138190943E+00
+210.000E-06,+0.0E+00,-1.148241194E+00
+215.000E-06,+0.0E+00,-1.165829133E+00
+220.000E-06,+2.512563E-03,-1.185929636E+00
+225.000E-06,+12.562814E-03,-1.206030138E+00
+230.000E-06,+0.0E+00,-1.226130640E+00
+235.000E-06,+0.0E+00,-1.246231142E+00
+240.000E-06,+0.0E+00,-1.266331645E+00
+245.000E-06,+0.0E+00,-1.286432147E+00
+250.000E-06,+0.0E+00,-1.288944710E+00
+255.000E-06,+0.0E+00,-1.312814056E+00
+260.000E-06,+2.512563E-03,-1.326633152E+00
+265.000E-06,+0.0E+00,-1.346733654E+00
+270.000E-06,+0.0E+00,-1.366834156E+00
+275.000E-06,-12.562814E-03,-1.373115563E+00
+280.000E-06,-16.331658E-03,-1.386934659E+00
+285.000E-06,+0.0E+00,-1.407035161E+00
+290.000E-06,+0.0E+00,-1.427135663E+00
+295.000E-06,-12.562814E-03,-1.433417070E+00
+300.000E-06,-2.512563E-03,-1.447236165E+00
+305.000E-06,-20.100502E-03,-1.467336668E+00
+310.000E-06,-20.100502E-03,-1.487437170E+00
+315.000E-06,-12.562814E-03,-1.487437170E+00
+320.000E-06,-2.512563E-03,-1.503768828E+00
+325.000E-06,-12.562814E-03,-1.520100486E+00
+330.000E-06,-20.100502E-03,-1.543969833E+00
+335.000E-06,-20.100502E-03,-1.560301491E+00
+340.000E-06,-40.201005E-03,-1.550251240E+00
+345.000E-06,-20.100502E-03,-1.567839179E+00
+350.000E-06,-40.201005E-03,-1.584170837E+00
+355.000E-06,-40.201005E-03,-1.587939681E+00
+360.000E-06,-36.432160E-03,-1.608040184E+00
+365.000E-06,-26.381909E-03,-1.608040184E+00
+370.000E-06,-40.201005E-03,-1.624371842E+00
+375.000E-06,-40.201005E-03,-1.628140686E+00
+380.000E-06,-40.201005E-03,-1.644472344E+00
+385.000E-06,-40.201005E-03,-1.648241188E+00
+390.000E-06,-60.301507E-03,-1.648241188E+00
+395.000E-06,-40.201005E-03,-1.674623098E+00
+400.000E-06,-42.713567E-03,-1.668341691E+00
+405.000E-06,-60.301507E-03,-1.680904505E+00
+410.000E-06,-40.201005E-03,-1.688442193E+00
+415.000E-06,-60.301507E-03,-1.694723600E+00
+420.000E-06,-60.301507E-03,-1.708542695E+00
+425.000E-06,-60.301507E-03,-1.708542695E+00
+430.000E-06,-60.301507E-03,-1.708542695E+00
+435.000E-06,-60.301507E-03,-1.721105509E+00
+440.000E-06,-60.301507E-03,-1.728643198E+00
+445.000E-06,-72.864321E-03,-1.741206012E+00
+450.000E-06,-76.633165E-03,-1.731155760E+00
+455.000E-06,-66.582914E-03,-1.741206012E+00
+460.000E-06,-80.402009E-03,-1.748743700E+00
+465.000E-06,-80.402009E-03,-1.761306514E+00
+470.000E-06,-80.402009E-03,-1.768844202E+00
+475.000E-06,-66.582914E-03,-1.768844202E+00
+480.000E-06,-76.633165E-03,-1.768844202E+00
+485.000E-06,-80.402009E-03,-1.781407016E+00
+490.000E-06,-82.914572E-03,-1.788944704E+00
+495.000E-06,-80.402009E-03,-1.768844202E+00
+500.000E-06,-96.733667E-03,-1.788944704E+00
+505.000E-06,-92.964823E-03,-1.788944704E+00
+510.000E-06,-96.733667E-03,-1.788944704E+00
+515.000E-06,-100.502511E-03,-1.775125609E+00
+520.000E-06,-100.502511E-03,-1.788944704E+00
+525.000E-06,-100.502511E-03,-1.788944704E+00
+530.000E-06,-86.683416E-03,-1.788944704E+00
+535.000E-06,-100.502511E-03,-1.788944704E+00
+540.000E-06,-82.914572E-03,-1.788944704E+00
+545.000E-06,-100.502511E-03,-1.788944704E+00
+550.000E-06,-103.015074E-03,-1.788944704E+00
+555.000E-06,-100.502511E-03,-1.801507518E+00
+560.000E-06,-116.834170E-03,-1.788944704E+00
+565.000E-06,-100.502511E-03,-1.788944704E+00
+570.000E-06,-100.502511E-03,-1.809045207E+00
+575.000E-06,-120.603014E-03,-1.809045207E+00
+580.000E-06,-100.502511E-03,-1.809045207E+00
+585.000E-06,-106.783918E-03,-1.795226111E+00
+590.000E-06,-116.834170E-03,-1.809045207E+00
+595.000E-06,-106.783918E-03,-1.788944704E+00
+600.000E-06,-120.603014E-03,-1.809045207E+00
+605.000E-06,-113.065325E-03,-1.788944704E+00
+610.000E-06,-116.834170E-03,-1.791457267E+00
+615.000E-06,-120.603014E-03,-1.809045207E+00
+620.000E-06,-120.603014E-03,-1.805276363E+00
+625.000E-06,-113.065325E-03,-1.809045207E+00
+630.000E-06,-120.603014E-03,-1.805276363E+00
+635.000E-06,-120.603014E-03,-1.788944704E+00
+640.000E-06,-120.603014E-03,-1.791457267E+00
+645.000E-06,-120.603014E-03,-1.788944704E+00
+650.000E-06,-103.015074E-03,-1.788944704E+00
+655.000E-06,-133.165828E-03,-1.788944704E+00
+660.000E-06,-120.603014E-03,-1.788944704E+00
+665.000E-06,-120.603014E-03,-1.781407016E+00
+670.000E-06,-136.934672E-03,-1.788944704E+00
+675.000E-06,-120.603014E-03,-1.768844202E+00
+680.000E-06,-120.603014E-03,-1.768844202E+00
+685.000E-06,-120.603014E-03,-1.768844202E+00
+690.000E-06,-120.603014E-03,-1.768844202E+00
+695.000E-06,-126.884421E-03,-1.768844202E+00
+700.000E-06,-123.115577E-03,-1.768844202E+00
+705.000E-06,-120.603014E-03,-1.768844202E+00
+710.000E-06,-136.934672E-03,-1.748743700E+00
+715.000E-06,-120.603014E-03,-1.748743700E+00
+720.000E-06,-120.603014E-03,-1.748743700E+00
+725.000E-06,-120.603014E-03,-1.755025107E+00
+730.000E-06,-120.603014E-03,-1.748743700E+00
+735.000E-06,-126.884421E-03,-1.734924605E+00
+740.000E-06,-120.603014E-03,-1.744974856E+00
+745.000E-06,-120.603014E-03,-1.734924605E+00
+750.000E-06,-140.703516E-03,-1.728643198E+00
+755.000E-06,-120.603014E-03,-1.721105509E+00
+760.000E-06,-136.934672E-03,-1.711055258E+00
+765.000E-06,-120.603014E-03,-1.708542695E+00
+770.000E-06,-136.934672E-03,-1.724874353E+00
+775.000E-06,-106.783918E-03,-1.694723600E+00
+780.000E-06,-123.115577E-03,-1.704773851E+00
+785.000E-06,-120.603014E-03,-1.688442193E+00
+790.000E-06,-120.603014E-03,-1.688442193E+00
+795.000E-06,-120.603014E-03,-1.668341691E+00
+800.000E-06,-120.603014E-03,-1.688442193E+00
+805.000E-06,-120.603014E-03,-1.668341691E+00
+810.000E-06,-120.603014E-03,-1.668341691E+00
+815.000E-06,-120.603014E-03,-1.668341691E+00
+820.000E-06,-103.015074E-03,-1.648241188E+00
+825.000E-06,-120.603014E-03,-1.648241188E+00
+830.000E-06,-120.603014E-03,-1.648241188E+00
+835.000E-06,-120.603014E-03,-1.640703500E+00
+840.000E-06,-120.603014E-03,-1.644472344E+00
+845.000E-06,-120.603014E-03,-1.628140686E+00
+850.000E-06,-120.603014E-03,-1.610552747E+00
+855.000E-06,-120.603014E-03,-1.620602998E+00
+860.000E-06,-120.603014E-03,-1.608040184E+00
+865.000E-06,-113.065325E-03,-1.608040184E+00
+870.000E-06,-116.834170E-03,-1.587939681E+00
+875.000E-06,-120.603014E-03,-1.608040184E+00
+880.000E-06,-120.603014E-03,-1.570351742E+00
+885.000E-06,-120.603014E-03,-1.580401993E+00
+890.000E-06,-103.015074E-03,-1.567839179E+00
+895.000E-06,-100.502511E-03,-1.567839179E+00
+900.000E-06,-116.834170E-03,-1.567839179E+00
+905.000E-06,-100.502511E-03,-1.560301491E+00
+910.000E-06,-100.502511E-03,-1.564070335E+00
+915.000E-06,-100.502511E-03,-1.527638175E+00
+920.000E-06,-100.502511E-03,-1.527638175E+00
+925.000E-06,-100.502511E-03,-1.527638175E+00
+930.000E-06,-82.914572E-03,-1.510050235E+00
+935.000E-06,-100.502511E-03,-1.507537672E+00
+940.000E-06,-96.733667E-03,-1.510050235E+00
+945.000E-06,-100.502511E-03,-1.507537672E+00
+950.000E-06,-100.502511E-03,-1.489949733E+00
+955.000E-06,-113.065325E-03,-1.487437170E+00
+960.000E-06,-82.914572E-03,-1.487437170E+00
+965.000E-06,-80.402009E-03,-1.473618075E+00
+970.000E-06,-100.502511E-03,-1.467336668E+00
+975.000E-06,-92.964823E-03,-1.453517572E+00
+980.000E-06,-82.914572E-03,-1.449748728E+00
+985.000E-06,-80.402009E-03,-1.447236165E+00
+990.000E-06,-96.733667E-03,-1.443467321E+00
+995.000E-06,-80.402009E-03,-1.447236165E+00
+1.000000E-03,-80.402009E-03,-1.427135663E+00
+1.005000E-03,-80.402009E-03,-1.427135663E+00
+1.010000E-03,-80.402009E-03,-1.427135663E+00
+1.015000E-03,-80.402009E-03,-1.419597975E+00
+1.020000E-03,-80.402009E-03,-1.407035161E+00
+1.025000E-03,-80.402009E-03,-1.407035161E+00
+1.030000E-03,-76.633165E-03,-1.389447221E+00
+1.035000E-03,-66.582914E-03,-1.386934659E+00
+1.040000E-03,-76.633165E-03,-1.383165814E+00
+1.045000E-03,-80.402009E-03,-1.373115563E+00
+1.050000E-03,-62.814070E-03,-1.369346719E+00
+1.055000E-03,-60.301507E-03,-1.366834156E+00
+1.060000E-03,-60.301507E-03,-1.349246217E+00
+1.065000E-03,-60.301507E-03,-1.346733654E+00
+1.070000E-03,-60.301507E-03,-1.346733654E+00
+1.075000E-03,-66.582914E-03,-1.346733654E+00
+1.080000E-03,-60.301507E-03,-1.326633152E+00
+1.085000E-03,-60.301507E-03,-1.326633152E+00
+1.090000E-03,-76.633165E-03,-1.309045212E+00
+1.095000E-03,-52.763819E-03,-1.306532649E+00
+1.100000E-03,-60.301507E-03,-1.288944710E+00
+1.105000E-03,-60.301507E-03,-1.286432147E+00
+1.110000E-03,-60.301507E-03,-1.288944710E+00
+1.115000E-03,-60.301507E-03,-1.286432147E+00
+1.120000E-03,-60.301507E-03,-1.266331645E+00
+1.125000E-03,-46.482412E-03,-1.286432147E+00
+1.130000E-03,-60.301507E-03,-1.266331645E+00
+1.135000E-03,-52.763819E-03,-1.252512549E+00
+1.140000E-03,-56.532663E-03,-1.246231142E+00
+1.145000E-03,-60.301507E-03,-1.246231142E+00
+1.150000E-03,-56.532663E-03,-1.228643203E+00
+1.155000E-03,-46.482412E-03,-1.226130640E+00
+1.160000E-03,-42.713567E-03,-1.226130640E+00
+1.165000E-03,-40.201005E-03,-1.226130640E+00
+1.170000E-03,-56.532663E-03,-1.222361796E+00
+1.175000E-03,-40.201005E-03,-1.218592952E+00
+1.180000E-03,-40.201005E-03,-1.206030138E+00
+1.185000E-03,-40.201005E-03,-1.198492449E+00
+1.190000E-03,-40.201005E-03,-1.185929636E+00
+1.195000E-03,-40.201005E-03,-1.185929636E+00
+1.200000E-03,-40.201005E-03,-1.165829133E+00
+1.205000E-03,-32.663316E-03,-1.165829133E+00
+1.210000E-03,-22.613065E-03,-1.182160791E+00
+1.215000E-03,-32.663316E-03,-1.158291445E+00
+1.220000E-03,-40.201005E-03,-1.145728631E+00
+1.225000E-03,-40.201005E-03,-1.145728631E+00
+1.230000E-03,-20.100502E-03,-1.125628129E+00
+1.235000E-03,-40.201005E-03,-1.125628129E+00
+1.240000E-03,-20.100502E-03,-1.125628129E+00
+1.245000E-03,-32.663316E-03,-1.105527626E+00
+1.250000E-03,-22.613065E-03,-1.105527626E+00
+1.255000E-03,-40.201005E-03,-1.091708531E+00
+1.260000E-03,-20.100502E-03,-1.087939687E+00
+1.265000E-03,-32.663316E-03,-1.085427124E+00
+1.270000E-03,-20.100502E-03,-1.081658280E+00
+1.275000E-03,-20.100502E-03,-1.077889436E+00
+1.280000E-03,-20.100502E-03,-1.065326622E+00
+1.285000E-03,-20.100502E-03,-1.065326622E+00
+1.290000E-03,-20.100502E-03,-1.065326622E+00
+1.295000E-03,-20.100502E-03,-1.057788933E+00
+1.300000E-03,-20.100502E-03,-1.027638180E+00
+1.305000E-03,-20.100502E-03,-1.037688431E+00
+1.310000E-03,-20.100502E-03,-1.045226119E+00
+1.315000E-03,-20.100502E-03,-1.025125617E+00
+1.320000E-03,-2.512563E-03,-1.025125617E+00
+1.325000E-03,-26.381909E-03,-1.011306522E+00
+1.330000E-03,-20.100502E-03,-1.005025115E+00
+1.335000E-03,-20.100502E-03,-1.005025115E+00
+1.340000E-03,-20.100502E-03,-987.437175E-03
+1.345000E-03,-26.381909E-03,-991.206020E-03
+1.350000E-03,-36.432160E-03,-984.924613E-03
+1.355000E-03,-6.281407E-03,-984.924613E-03
+1.360000E-03,-2.512563E-03,-967.336673E-03
+1.365000E-03,-6.281407E-03,-977.386924E-03
+1.370000E-03,-16.331658E-03,-964.824110E-03
+1.375000E-03,-6.281407E-03,-964.824110E-03
+1.380000E-03,-20.100502E-03,-944.723608E-03
+1.385000E-03,-20.100502E-03,-944.723608E-03
+1.390000E-03,+0.0E+00,-944.723608E-03
+1.395000E-03,-20.100502E-03,-944.723608E-03
+1.400000E-03,-16.331658E-03,-927.135668E-03
+1.405000E-03,-20.100502E-03,-924.623106E-03
+1.410000E-03,-20.100502E-03,-924.623106E-03
+1.415000E-03,-20.100502E-03,-904.522603E-03
+1.420000E-03,-2.512563E-03,-904.522603E-03
+1.425000E-03,-20.100502E-03,-904.522603E-03
+1.430000E-03,-20.100502E-03,-900.753759E-03
+1.435000E-03,-20.100502E-03,-884.422101E-03
+1.440000E-03,-16.331658E-03,-884.422101E-03
+1.445000E-03,-6.281407E-03,-884.422101E-03
+1.450000E-03,-20.100502E-03,-864.321599E-03
+1.455000E-03,-6.281407E-03,-864.321599E-03
+1.460000E-03,-20.100502E-03,-864.321599E-03
+1.465000E-03,+0.0E+00,-844.221096E-03
+1.470000E-03,+0.0E+00,-844.221096E-03
+1.475000E-03,-12.562814E-03,-836.683408E-03
+1.480000E-03,+0.0E+00,-824.120594E-03
+1.485000E-03,-6.281407E-03,-824.120594E-03
+1.490000E-03,-20.100502E-03,-824.120594E-03
+1.495000E-03,-20.100502E-03,-824.120594E-03
+1.500000E-03,-20.100502E-03,-806.532655E-03
+1.505000E-03,-12.562814E-03,-804.020092E-03
+1.510000E-03,-20.100502E-03,-800.251248E-03
+1.515000E-03,-20.100502E-03,-796.482404E-03
+1.520000E-03,-20.100502E-03,-780.150745E-03
+1.525000E-03,-20.100502E-03,-790.200997E-03
+1.530000E-03,-2.512563E-03,-766.331650E-03
+1.535000E-03,-20.100502E-03,-763.819087E-03
+1.540000E-03,-20.100502E-03,-763.819087E-03
+1.545000E-03,-20.100502E-03,-763.819087E-03
+1.550000E-03,+0.0E+00,-763.819087E-03
+1.555000E-03,-32.663316E-03,-763.819087E-03
+1.560000E-03,-20.100502E-03,-743.718585E-03
+1.565000E-03,-20.100502E-03,-743.718585E-03
+1.570000E-03,-20.100502E-03,-743.718585E-03
+1.575000E-03,-20.100502E-03,-723.618083E-03
+1.580000E-03,-2.512563E-03,-723.618083E-03
+1.585000E-03,-20.100502E-03,-723.618083E-03
+1.590000E-03,-20.100502E-03,-706.030143E-03
+1.595000E-03,+0.0E+00,-716.080394E-03
+1.600000E-03,-2.512563E-03,-703.517580E-03
+1.605000E-03,-12.562814E-03,-703.517580E-03
+1.610000E-03,-16.331658E-03,-699.748736E-03
+1.615000E-03,-20.100502E-03,-689.698485E-03
+1.620000E-03,-20.100502E-03,-683.417078E-03
+1.625000E-03,-20.100502E-03,-683.417078E-03
+1.630000E-03,-16.331658E-03,-665.829139E-03
+1.635000E-03,-12.562814E-03,-669.597983E-03
+1.640000E-03,-20.100502E-03,-663.316576E-03
+1.645000E-03,-20.100502E-03,-663.316576E-03
+1.650000E-03,-16.331658E-03,-663.316576E-03
+1.655000E-03,-20.100502E-03,-655.778887E-03
+1.660000E-03,-20.100502E-03,-663.316576E-03
+1.665000E-03,-20.100502E-03,-643.216074E-03
+1.670000E-03,-20.100502E-03,-629.396978E-03
+1.675000E-03,-6.281407E-03,-635.678385E-03
+1.680000E-03,-20.100502E-03,-625.628134E-03
+1.685000E-03,-20.100502E-03,-623.115571E-03
+1.690000E-03,-20.100502E-03,-623.115571E-03
+1.695000E-03,-20.100502E-03,-609.296476E-03
+1.700000E-03,-2.512563E-03,-619.346727E-03
+1.705000E-03,-20.100502E-03,-603.015069E-03
+1.710000E-03,-20.100502E-03,-585.427129E-03
+1.715000E-03,-32.663316E-03,-589.195974E-03
+1.720000E-03,-20.100502E-03,-603.015069E-03
+1.725000E-03,-26.381909E-03,-582.914567E-03
+1.730000E-03,-20.100502E-03,-582.914567E-03
+1.735000E-03,-20.100502E-03,-575.376878E-03
+1.740000E-03,-36.432160E-03,-582.914567E-03
+1.745000E-03,-6.281407E-03,-562.814064E-03
+1.750000E-03,-20.100502E-03,-582.914567E-03
+1.755000E-03,-20.100502E-03,-562.814064E-03
+1.760000E-03,-20.100502E-03,-565.326627E-03
+1.765000E-03,-20.100502E-03,-548.994969E-03
+1.770000E-03,-20.100502E-03,-545.226125E-03
+1.775000E-03,-26.381909E-03,-555.276376E-03
+1.780000E-03,-20.100502E-03,-559.045220E-03
+1.785000E-03,-26.381909E-03,-548.994969E-03
+1.790000E-03,-20.100502E-03,-522.613060E-03
+1.795000E-03,-32.663316E-03,-535.175874E-03
+1.800000E-03,-40.201005E-03,-538.944718E-03
+1.805000E-03,-20.100502E-03,-522.613060E-03
+1.810000E-03,-20.100502E-03,-505.025120E-03
+1.815000E-03,-20.100502E-03,-522.613060E-03
+1.820000E-03,-40.201005E-03,-505.025120E-03
+1.825000E-03,-32.663316E-03,-515.075371E-03
+1.830000E-03,-22.613065E-03,-502.512557E-03
+1.835000E-03,-20.100502E-03,-502.512557E-03
+1.840000E-03,-20.100502E-03,-502.512557E-03
+1.845000E-03,-32.663316E-03,-502.512557E-03
+1.850000E-03,-40.201005E-03,-498.743713E-03
+1.855000E-03,-32.663316E-03,-482.412055E-03
+1.860000E-03,-36.432160E-03,-482.412055E-03
+1.865000E-03,-26.381909E-03,-482.412055E-03
+1.870000E-03,-40.201005E-03,-464.824116E-03
+1.875000E-03,-40.201005E-03,-462.311553E-03
+1.880000E-03,-22.613065E-03,-462.311553E-03
+1.885000E-03,-40.201005E-03,-448.492458E-03
+1.890000E-03,-22.613065E-03,-444.723613E-03
+1.895000E-03,-26.381909E-03,-462.311553E-03
+1.900000E-03,-22.613065E-03,-444.723613E-03
+1.905000E-03,-40.201005E-03,-442.211051E-03
+1.910000E-03,-20.100502E-03,-442.211051E-03
+1.915000E-03,-20.100502E-03,-434.673362E-03
+1.920000E-03,-20.100502E-03,-442.211051E-03
+1.925000E-03,-26.381909E-03,-422.110548E-03
+1.930000E-03,-20.100502E-03,-422.110548E-03
+1.935000E-03,-40.201005E-03,-414.572860E-03
+1.940000E-03,-40.201005E-03,-418.341704E-03
+1.945000E-03,-26.381909E-03,-422.110548E-03
+1.950000E-03,-36.432160E-03,-402.010046E-03
+1.955000E-03,-40.201005E-03,-422.110548E-03
+1.960000E-03,-40.201005E-03,-402.010046E-03
+1.965000E-03,-40.201005E-03,-408.291453E-03
+1.970000E-03,-40.201005E-03,-402.010046E-03
+1.975000E-03,-52.763819E-03,-402.010046E-03
+1.980000E-03,-40.201005E-03,-402.010046E-03
+1.985000E-03,-40.201005E-03,-394.472358E-03
+1.990000E-03,-60.301507E-03,-381.909544E-03
+1.995000E-03,-26.381909E-03,-381.909544E-03
+2.000000E-03,-40.201005E-03,-381.909544E-03
+2.005000E-03,-40.201005E-03,-381.909544E-03
+2.010000E-03,-40.201005E-03,-381.909544E-03
+2.015000E-03,-40.201005E-03,-381.909544E-03
+2.020000E-03,-40.201005E-03,-378.140699E-03
+2.025000E-03,-52.763819E-03,-361.809041E-03
+2.030000E-03,-40.201005E-03,-361.809041E-03
+2.035000E-03,-40.201005E-03,-361.809041E-03
+2.040000E-03,-42.713567E-03,-361.809041E-03
+2.045000E-03,-32.663316E-03,-354.271353E-03
+2.050000E-03,-40.201005E-03,-341.708539E-03
+2.055000E-03,-52.763819E-03,-341.708539E-03
+2.060000E-03,-40.201005E-03,-344.221102E-03
+2.065000E-03,-52.763819E-03,-341.708539E-03
+2.070000E-03,-42.713567E-03,-341.708539E-03
+2.075000E-03,-52.763819E-03,-327.889444E-03
+2.080000E-03,-56.532663E-03,-341.708539E-03
+2.085000E-03,-26.381909E-03,-334.170851E-03
+2.090000E-03,-40.201005E-03,-317.839193E-03
+2.095000E-03,-46.482412E-03,-321.608037E-03
+2.100000E-03,-40.201005E-03,-317.839193E-03
+2.105000E-03,-46.482412E-03,-321.608037E-03
+2.110000E-03,-40.201005E-03,-317.839193E-03
+2.115000E-03,-40.201005E-03,-321.608037E-03
+2.120000E-03,-40.201005E-03,-317.839193E-03
+2.125000E-03,-40.201005E-03,-301.507534E-03
+2.130000E-03,-40.201005E-03,-301.507534E-03
+2.135000E-03,-40.201005E-03,-301.507534E-03
+2.140000E-03,-40.201005E-03,-301.507534E-03
+2.145000E-03,-40.201005E-03,-301.507534E-03
+2.150000E-03,-60.301507E-03,-301.507534E-03
+2.155000E-03,-40.201005E-03,-287.688439E-03
+2.160000E-03,-56.532663E-03,-281.407032E-03
+2.165000E-03,-40.201005E-03,-281.407032E-03
+2.170000E-03,-56.532663E-03,-281.407032E-03
+2.175000E-03,-40.201005E-03,-287.688439E-03
+2.180000E-03,-40.201005E-03,-281.407032E-03
+2.185000E-03,-40.201005E-03,-267.587937E-03
+2.190000E-03,-40.201005E-03,-281.407032E-03
+2.195000E-03,-40.201005E-03,-267.587937E-03
+2.200000E-03,-42.713567E-03,-263.819093E-03
+2.205000E-03,-40.201005E-03,-261.306530E-03
+2.210000E-03,-42.713567E-03,-261.306530E-03
+2.215000E-03,-52.763819E-03,-247.487435E-03
+2.220000E-03,-40.201005E-03,-277.638188E-03
+2.225000E-03,-40.201005E-03,-261.306530E-03
+2.230000E-03,-40.201005E-03,-241.206028E-03
+2.235000E-03,-40.201005E-03,-261.306530E-03
+2.240000E-03,-56.532663E-03,-261.306530E-03
+2.245000E-03,-40.201005E-03,-253.768842E-03
+2.250000E-03,-60.301507E-03,-261.306530E-03
+2.255000E-03,-46.482412E-03,-241.206028E-03
+2.260000E-03,-40.201005E-03,-241.206028E-03
+2.265000E-03,-40.201005E-03,-241.206028E-03
+2.270000E-03,-40.201005E-03,-223.618088E-03
+2.275000E-03,-40.201005E-03,-241.206028E-03
+2.280000E-03,-42.713567E-03,-221.105525E-03
+2.285000E-03,-40.201005E-03,-233.668339E-03
+2.290000E-03,-60.301507E-03,-221.105525E-03
+2.295000E-03,-46.482412E-03,-221.105525E-03
+2.300000E-03,-60.301507E-03,-221.105525E-03
+2.305000E-03,-40.201005E-03,-221.105525E-03
+2.310000E-03,-56.532663E-03,-237.437183E-03
+2.315000E-03,-46.482412E-03,-213.567837E-03
+2.320000E-03,-60.301507E-03,-201.005023E-03
+2.325000E-03,-52.763819E-03,-207.286430E-03
+2.330000E-03,-60.301507E-03,-221.105525E-03
+2.335000E-03,-52.763819E-03,-207.286430E-03
+2.340000E-03,-60.301507E-03,-217.336681E-03
+2.345000E-03,-46.482412E-03,-201.005023E-03
+2.350000E-03,-60.301507E-03,-201.005023E-03
+2.355000E-03,-46.482412E-03,-201.005023E-03
+2.360000E-03,-40.201005E-03,-201.005023E-03
+2.365000E-03,-46.482412E-03,-201.005023E-03
+2.370000E-03,-42.713567E-03,-183.417083E-03
+2.375000E-03,-46.482412E-03,-201.005023E-03
+2.380000E-03,-60.301507E-03,-197.236179E-03
+2.385000E-03,-60.301507E-03,-201.005023E-03
+2.390000E-03,-40.201005E-03,-180.904521E-03
+2.395000E-03,-40.201005E-03,-187.185928E-03
+2.400000E-03,-56.532663E-03,-180.904521E-03
+2.405000E-03,-52.763819E-03,-180.904521E-03
+2.410000E-03,-62.814070E-03,-163.316581E-03
+2.415000E-03,-52.763819E-03,-167.085425E-03
+2.420000E-03,-56.532663E-03,-177.135676E-03
+2.425000E-03,-46.482412E-03,-180.904521E-03
+2.430000E-03,-40.201005E-03,-160.804018E-03
+2.435000E-03,-40.201005E-03,-160.804018E-03
+2.440000E-03,-42.713567E-03,-163.316581E-03
+2.445000E-03,-52.763819E-03,-180.904521E-03
+2.450000E-03,-60.301507E-03,-160.804018E-03
+2.455000E-03,-46.482412E-03,-160.804018E-03
+2.460000E-03,-42.713567E-03,-177.135676E-03
+2.465000E-03,-52.763819E-03,-160.804018E-03
+2.470000E-03,-40.201005E-03,-177.135676E-03
+2.475000E-03,-46.482412E-03,-160.804018E-03
+2.480000E-03,-42.713567E-03,-140.703516E-03
+2.485000E-03,-60.301507E-03,-160.804018E-03
+2.490000E-03,-60.301507E-03,-143.216079E-03
+2.495000E-03,-52.763819E-03,-160.804018E-03
+2.500000E-03,-40.201005E-03,-157.035174E-03
+2.505000E-03,-40.201005E-03,-160.804018E-03
+2.510000E-03,-40.201005E-03,-157.035174E-03
+2.515000E-03,-40.201005E-03,-140.703516E-03
+2.520000E-03,-42.713567E-03,-140.703516E-03
+2.525000E-03,-40.201005E-03,-140.703516E-03
+2.530000E-03,-42.713567E-03,-140.703516E-03
+2.535000E-03,-40.201005E-03,-133.165828E-03
+2.540000E-03,-56.532663E-03,-140.703516E-03
+2.545000E-03,-40.201005E-03,-140.703516E-03
+2.550000E-03,-40.201005E-03,-123.115577E-03
+2.555000E-03,-40.201005E-03,-140.703516E-03
+2.560000E-03,-56.532663E-03,-123.115577E-03
+2.565000E-03,-40.201005E-03,-133.165828E-03
+2.570000E-03,-42.713567E-03,-120.603014E-03
+2.575000E-03,-40.201005E-03,-133.165828E-03
+2.580000E-03,-40.201005E-03,-120.603014E-03
+2.585000E-03,-40.201005E-03,-140.703516E-03
+2.590000E-03,-40.201005E-03,-123.115577E-03
+2.595000E-03,-40.201005E-03,-133.165828E-03
+2.600000E-03,-40.201005E-03,-120.603014E-03
+2.605000E-03,-52.763819E-03,-120.603014E-03
+2.610000E-03,-56.532663E-03,-120.603014E-03
+2.615000E-03,-46.482412E-03,-120.603014E-03
+2.620000E-03,-42.713567E-03,-116.834170E-03
+2.625000E-03,-46.482412E-03,-120.603014E-03
+2.630000E-03,-56.532663E-03,-103.015074E-03
+2.635000E-03,-40.201005E-03,-120.603014E-03
+2.640000E-03,-40.201005E-03,-116.834170E-03
+2.645000E-03,-40.201005E-03,-113.065325E-03
+2.650000E-03,-56.532663E-03,-100.502511E-03
+2.655000E-03,-46.482412E-03,-100.502511E-03
+2.660000E-03,-42.713567E-03,-100.502511E-03
+2.665000E-03,-40.201005E-03,-113.065325E-03
+2.670000E-03,-56.532663E-03,-100.502511E-03
+2.675000E-03,-60.301507E-03,-100.502511E-03
+2.680000E-03,-40.201005E-03,-100.502511E-03
+2.685000E-03,-46.482412E-03,-113.065325E-03
+2.690000E-03,-40.201005E-03,-96.733667E-03
+2.695000E-03,-40.201005E-03,-100.502511E-03
+2.700000E-03,-40.201005E-03,-100.502511E-03
+2.705000E-03,-52.763819E-03,-86.683416E-03
+2.710000E-03,-42.713567E-03,-82.914572E-03
+2.715000E-03,-52.763819E-03,-100.502511E-03
+2.720000E-03,-56.532663E-03,-80.402009E-03
+2.725000E-03,-40.201005E-03,-100.502511E-03
+2.730000E-03,-42.713567E-03,-113.065325E-03
+2.735000E-03,-46.482412E-03,-80.402009E-03
+2.740000E-03,-40.201005E-03,-96.733667E-03
+2.745000E-03,-40.201005E-03,-80.402009E-03
+2.750000E-03,-36.432160E-03,-96.733667E-03
+2.755000E-03,-40.201005E-03,-92.964823E-03
+2.760000E-03,-40.201005E-03,-80.402009E-03
+2.765000E-03,-40.201005E-03,-86.683416E-03
+2.770000E-03,-40.201005E-03,-80.402009E-03
+2.775000E-03,-40.201005E-03,-80.402009E-03
+2.780000E-03,-40.201005E-03,-80.402009E-03
+2.785000E-03,-40.201005E-03,-92.964823E-03
+2.790000E-03,-40.201005E-03,-80.402009E-03
+2.795000E-03,-40.201005E-03,-80.402009E-03
+2.800000E-03,-40.201005E-03,-80.402009E-03
+2.805000E-03,-40.201005E-03,-72.864321E-03
+2.810000E-03,-40.201005E-03,-80.402009E-03
+2.815000E-03,-40.201005E-03,-72.864321E-03
+2.820000E-03,-40.201005E-03,-82.914572E-03
+2.825000E-03,-20.100502E-03,-60.301507E-03
+2.830000E-03,-40.201005E-03,-80.402009E-03
+2.835000E-03,-40.201005E-03,-60.301507E-03
+2.840000E-03,-40.201005E-03,-76.633165E-03
+2.845000E-03,-40.201005E-03,-60.301507E-03
+2.850000E-03,-40.201005E-03,-60.301507E-03
+2.855000E-03,-40.201005E-03,-60.301507E-03
+2.860000E-03,-36.432160E-03,-60.301507E-03
+2.865000E-03,-20.100502E-03,-72.864321E-03
+2.870000E-03,-40.201005E-03,-62.814070E-03
+2.875000E-03,-40.201005E-03,-60.301507E-03
+2.880000E-03,-40.201005E-03,-60.301507E-03
+2.885000E-03,-32.663316E-03,-60.301507E-03
+2.890000E-03,-36.432160E-03,-62.814070E-03
+2.895000E-03,-32.663316E-03,-60.301507E-03
+2.900000E-03,-40.201005E-03,-60.301507E-03
+2.905000E-03,-26.381909E-03,-60.301507E-03
+2.910000E-03,-36.432160E-03,-60.301507E-03
+2.915000E-03,-20.100502E-03,-60.301507E-03
+2.920000E-03,-36.432160E-03,-42.713567E-03
+2.925000E-03,-20.100502E-03,-60.301507E-03
+2.930000E-03,-22.613065E-03,-42.713567E-03
+2.935000E-03,-32.663316E-03,-52.763819E-03
+2.940000E-03,-20.100502E-03,-56.532663E-03
+2.945000E-03,-40.201005E-03,-40.201005E-03
+2.950000E-03,-36.432160E-03,-40.201005E-03
+2.955000E-03,-20.100502E-03,-40.201005E-03
+2.960000E-03,-20.100502E-03,-60.301507E-03
+2.965000E-03,-32.663316E-03,-46.482412E-03
+2.970000E-03,-36.432160E-03,-42.713567E-03
+2.975000E-03,-32.663316E-03,-40.201005E-03
+2.980000E-03,-36.432160E-03,-40.201005E-03
+2.985000E-03,-20.100502E-03,-40.201005E-03
+2.990000E-03,-36.432160E-03,-40.201005E-03
+2.995000E-03,-20.100502E-03,-52.763819E-03
+3.000000E-03,-20.100502E-03,-40.201005E-03
+3.005000E-03,-12.562814E-03,-40.201005E-03
+3.010000E-03,-20.100502E-03,-60.301507E-03
+3.015000E-03,-20.100502E-03,-40.201005E-03
+3.020000E-03,-20.100502E-03,-40.201005E-03
+3.025000E-03,-20.100502E-03,-40.201005E-03
+3.030000E-03,-20.100502E-03,-40.201005E-03
+3.035000E-03,-20.100502E-03,-40.201005E-03
+3.040000E-03,-20.100502E-03,-36.432160E-03
+3.045000E-03,-20.100502E-03,-40.201005E-03
+3.050000E-03,-20.100502E-03,-40.201005E-03
+3.055000E-03,-26.381909E-03,-40.201005E-03
+3.060000E-03,-20.100502E-03,-40.201005E-03
+3.065000E-03,-20.100502E-03,-40.201005E-03
+3.070000E-03,-20.100502E-03,-22.613065E-03
+3.075000E-03,-20.100502E-03,-40.201005E-03
+3.080000E-03,-2.512563E-03,-22.613065E-03
+3.085000E-03,-20.100502E-03,-26.381909E-03
+3.090000E-03,-2.512563E-03,-36.432160E-03
+3.095000E-03,-20.100502E-03,-26.381909E-03
+3.100000E-03,-20.100502E-03,-40.201005E-03
+3.105000E-03,-20.100502E-03,-32.663316E-03
+3.110000E-03,-16.331658E-03,-40.201005E-03
+3.115000E-03,-20.100502E-03,-40.201005E-03
+3.120000E-03,-20.100502E-03,-40.201005E-03
+3.125000E-03,-20.100502E-03,-20.100502E-03
+3.130000E-03,-16.331658E-03,-36.432160E-03
+3.135000E-03,-12.562814E-03,-32.663316E-03
+3.140000E-03,-2.512563E-03,-20.100502E-03
+3.145000E-03,-20.100502E-03,-20.100502E-03
+3.150000E-03,-16.331658E-03,-40.201005E-03
+3.155000E-03,-12.562814E-03,-20.100502E-03
+3.160000E-03,+0.0E+00,-20.100502E-03
+3.165000E-03,-12.562814E-03,-20.100502E-03
+3.170000E-03,+0.0E+00,-20.100502E-03
+3.175000E-03,-6.281407E-03,-20.100502E-03
+3.180000E-03,-16.331658E-03,-20.100502E-03
+3.185000E-03,-6.281407E-03,-26.381909E-03
+3.190000E-03,-20.100502E-03,-36.432160E-03
+3.195000E-03,+0.0E+00,-20.100502E-03
+3.200000E-03,+0.0E+00,-20.100502E-03
+3.205000E-03,-20.100502E-03,-26.381909E-03
+3.210000E-03,+0.0E+00,-2.512563E-03
+3.215000E-03,-12.562814E-03,-20.100502E-03
+3.220000E-03,-20.100502E-03,-36.432160E-03
+3.225000E-03,-20.100502E-03,-20.100502E-03
+3.230000E-03,+0.0E+00,-20.100502E-03
+3.235000E-03,+0.0E+00,-12.562814E-03
+3.240000E-03,+0.0E+00,-20.100502E-03
+3.245000E-03,-12.562814E-03,-20.100502E-03
+3.250000E-03,+0.0E+00,-20.100502E-03
+3.255000E-03,-12.562814E-03,-6.281407E-03
+3.260000E-03,-2.512563E-03,-16.331658E-03
+3.265000E-03,-12.562814E-03,-6.281407E-03
+3.270000E-03,-20.100502E-03,-20.100502E-03
+3.275000E-03,-6.281407E-03,-20.100502E-03
+3.280000E-03,+0.0E+00,-20.100502E-03
+3.285000E-03,-6.281407E-03,-20.100502E-03
+3.290000E-03,+0.0E+00,-20.100502E-03
+3.295000E-03,-12.562814E-03,-12.562814E-03
+3.300000E-03,+0.0E+00,-16.331658E-03
+3.305000E-03,+0.0E+00,-20.100502E-03
+3.310000E-03,+0.0E+00,-2.512563E-03
+3.315000E-03,+0.0E+00,+0.0E+00
+3.320000E-03,-2.512563E-03,-16.331658E-03
+3.325000E-03,+0.0E+00,-6.281407E-03
+3.330000E-03,+0.0E+00,+0.0E+00
+3.335000E-03,+0.0E+00,-6.281407E-03
+3.340000E-03,+0.0E+00,+0.0E+00
+3.345000E-03,+0.0E+00,-12.562814E-03
+3.350000E-03,+0.0E+00,-20.100502E-03
+3.355000E-03,+0.0E+00,+0.0E+00
+3.360000E-03,+0.0E+00,-2.512563E-03
+3.365000E-03,+0.0E+00,+0.0E+00
+3.370000E-03,+0.0E+00,+0.0E+00
+3.375000E-03,+0.0E+00,-12.562814E-03
+3.380000E-03,+0.0E+00,+0.0E+00
+3.385000E-03,+20.100502E-03,+0.0E+00
+3.390000E-03,+2.512563E-03,-20.100502E-03
+3.395000E-03,+6.281407E-03,+0.0E+00
+3.400000E-03,+0.0E+00,+0.0E+00
+3.405000E-03,+0.0E+00,+0.0E+00
+3.410000E-03,+0.0E+00,+0.0E+00
+3.415000E-03,+20.100502E-03,+0.0E+00
+3.420000E-03,+2.512563E-03,+0.0E+00
+3.425000E-03,+6.281407E-03,+0.0E+00
+3.430000E-03,+20.100502E-03,+0.0E+00
+3.435000E-03,+6.281407E-03,+0.0E+00
+3.440000E-03,+2.512563E-03,+0.0E+00
+3.445000E-03,+20.100502E-03,+0.0E+00
+3.450000E-03,+20.100502E-03,+0.0E+00
+3.455000E-03,+20.100502E-03,+12.562814E-03
+3.460000E-03,+20.100502E-03,+0.0E+00
+3.465000E-03,+20.100502E-03,+0.0E+00
+3.470000E-03,+20.100502E-03,+0.0E+00
+3.475000E-03,+6.281407E-03,+0.0E+00
+3.480000E-03,+0.0E+00,+2.512563E-03
+3.485000E-03,+20.100502E-03,+20.100502E-03
+3.490000E-03,+6.281407E-03,+16.331658E-03
+3.495000E-03,+6.281407E-03,+20.100502E-03
+3.500000E-03,+20.100502E-03,+0.0E+00
+3.505000E-03,+20.100502E-03,+12.562814E-03
+3.510000E-03,+36.432160E-03,+16.331658E-03
+3.515000E-03,+20.100502E-03,+6.281407E-03
+3.520000E-03,+22.613065E-03,+16.331658E-03
+3.525000E-03,+32.663316E-03,+20.100502E-03
+3.530000E-03,+22.613065E-03,+0.0E+00
+3.535000E-03,+20.100502E-03,+6.281407E-03
+3.540000E-03,+36.432160E-03,+16.331658E-03
+3.545000E-03,+20.100502E-03,+6.281407E-03
+3.550000E-03,+22.613065E-03,+16.331658E-03
+3.555000E-03,+20.100502E-03,+20.100502E-03
+3.560000E-03,+20.100502E-03,+2.512563E-03
+3.565000E-03,+20.100502E-03,+6.281407E-03
+3.570000E-03,+20.100502E-03,+2.512563E-03
+3.575000E-03,+20.100502E-03,+6.281407E-03
+3.580000E-03,+20.100502E-03,+20.100502E-03
+3.585000E-03,+20.100502E-03,+20.100502E-03
+3.590000E-03,+20.100502E-03,+20.100502E-03
+3.595000E-03,+12.562814E-03,+20.100502E-03
+3.600000E-03,+20.100502E-03,+36.432160E-03
+3.605000E-03,+20.100502E-03,+20.100502E-03
+3.610000E-03,+20.100502E-03,+20.100502E-03
+3.615000E-03,+20.100502E-03,+20.100502E-03
+3.620000E-03,+20.100502E-03,+20.100502E-03
+3.625000E-03,+20.100502E-03,+26.381909E-03
+3.630000E-03,+20.100502E-03,+22.613065E-03
+3.635000E-03,+26.381909E-03,+20.100502E-03
+3.640000E-03,+20.100502E-03,+22.613065E-03
+3.645000E-03,+32.663316E-03,+20.100502E-03
+3.650000E-03,+20.100502E-03,+20.100502E-03
+3.655000E-03,+32.663316E-03,+32.663316E-03
+3.660000E-03,+22.613065E-03,+20.100502E-03
+3.665000E-03,+20.100502E-03,+20.100502E-03
+3.670000E-03,+22.613065E-03,+20.100502E-03
+3.675000E-03,+20.100502E-03,+20.100502E-03
+3.680000E-03,+36.432160E-03,+20.100502E-03
+3.685000E-03,+20.100502E-03,+20.100502E-03
+3.690000E-03,+20.100502E-03,+36.432160E-03
+3.695000E-03,+26.381909E-03,+20.100502E-03
+3.700000E-03,+22.613065E-03,+22.613065E-03
+3.705000E-03,+40.201005E-03,+20.100502E-03
+3.710000E-03,+20.100502E-03,+36.432160E-03
+3.715000E-03,+32.663316E-03,+20.100502E-03
+3.720000E-03,+20.100502E-03,+36.432160E-03
+3.725000E-03,+26.381909E-03,+32.663316E-03
+3.730000E-03,+20.100502E-03,+40.201005E-03
+3.735000E-03,+40.201005E-03,+20.100502E-03
+3.740000E-03,+20.100502E-03,+20.100502E-03
+3.745000E-03,+32.663316E-03,+20.100502E-03
+3.750000E-03,+36.432160E-03,+36.432160E-03
+3.755000E-03,+20.100502E-03,+26.381909E-03
+3.760000E-03,+20.100502E-03,+20.100502E-03
+3.765000E-03,+26.381909E-03,+40.201005E-03
+3.770000E-03,+40.201005E-03,+36.432160E-03
+3.775000E-03,+32.663316E-03,+40.201005E-03
+3.780000E-03,+40.201005E-03,+22.613065E-03
+3.785000E-03,+40.201005E-03,+32.663316E-03
+3.790000E-03,+36.432160E-03,+36.432160E-03
+3.795000E-03,+26.381909E-03,+20.100502E-03
+3.800000E-03,+40.201005E-03,+40.201005E-03
+3.805000E-03,+40.201005E-03,+26.381909E-03
+3.810000E-03,+36.432160E-03,+22.613065E-03
+3.815000E-03,+40.201005E-03,+32.663316E-03
+3.820000E-03,+56.532663E-03,+40.201005E-03
+3.825000E-03,+40.201005E-03,+40.201005E-03
+3.830000E-03,+22.613065E-03,+40.201005E-03
+3.835000E-03,+26.381909E-03,+40.201005E-03
+3.840000E-03,+40.201005E-03,+40.201005E-03
+3.845000E-03,+40.201005E-03,+40.201005E-03
+3.850000E-03,+40.201005E-03,+40.201005E-03
+3.855000E-03,+40.201005E-03,+26.381909E-03
+3.860000E-03,+40.201005E-03,+40.201005E-03
+3.865000E-03,+40.201005E-03,+32.663316E-03
+3.870000E-03,+40.201005E-03,+40.201005E-03
+3.875000E-03,+40.201005E-03,+40.201005E-03
+3.880000E-03,+40.201005E-03,+40.201005E-03
+3.885000E-03,+40.201005E-03,+26.381909E-03
+3.890000E-03,+40.201005E-03,+40.201005E-03
+3.895000E-03,+40.201005E-03,+40.201005E-03
+3.900000E-03,+36.432160E-03,+40.201005E-03
+3.905000E-03,+32.663316E-03,+32.663316E-03
+3.910000E-03,+40.201005E-03,+40.201005E-03
+3.915000E-03,+40.201005E-03,+40.201005E-03
+3.920000E-03,+40.201005E-03,+40.201005E-03
+3.925000E-03,+40.201005E-03,+40.201005E-03
+3.930000E-03,+40.201005E-03,+40.201005E-03
+3.935000E-03,+40.201005E-03,+32.663316E-03
+3.940000E-03,+40.201005E-03,+36.432160E-03
+3.945000E-03,+40.201005E-03,+40.201005E-03
+3.950000E-03,+40.201005E-03,+40.201005E-03
+3.955000E-03,+46.482412E-03,+20.100502E-03
+3.960000E-03,+40.201005E-03,+40.201005E-03
+3.965000E-03,+40.201005E-03,+40.201005E-03
+3.970000E-03,+40.201005E-03,+40.201005E-03
+3.975000E-03,+40.201005E-03,+40.201005E-03
+3.980000E-03,+40.201005E-03,+56.532663E-03
+3.985000E-03,+40.201005E-03,+40.201005E-03
+3.990000E-03,+40.201005E-03,+40.201005E-03
+3.995000E-03,+46.482412E-03,+40.201005E-03
+4.000000E-03,+40.201005E-03,+40.201005E-03
+4.005000E-03,+40.201005E-03,+40.201005E-03
+4.010000E-03,+40.201005E-03,+40.201005E-03
+4.015000E-03,+52.763819E-03,+40.201005E-03
+4.020000E-03,+40.201005E-03,+42.713567E-03
+4.025000E-03,+40.201005E-03,+40.201005E-03
+4.030000E-03,+40.201005E-03,+40.201005E-03
+4.035000E-03,+40.201005E-03,+40.201005E-03
+4.040000E-03,+40.201005E-03,+40.201005E-03
+4.045000E-03,+40.201005E-03,+40.201005E-03
+4.050000E-03,+42.713567E-03,+40.201005E-03
+4.055000E-03,+40.201005E-03,+40.201005E-03
+4.060000E-03,+40.201005E-03,+40.201005E-03
+4.065000E-03,+40.201005E-03,+52.763819E-03
+4.070000E-03,+40.201005E-03,+56.532663E-03
+4.075000E-03,+52.763819E-03,+40.201005E-03
+4.080000E-03,+40.201005E-03,+40.201005E-03
+4.085000E-03,+40.201005E-03,+40.201005E-03
+4.090000E-03,+40.201005E-03,+56.532663E-03
+4.095000E-03,+40.201005E-03,+40.201005E-03
+4.100000E-03,+40.201005E-03,+40.201005E-03
+4.105000E-03,+40.201005E-03,+52.763819E-03
+4.110000E-03,+40.201005E-03,+60.301507E-03
+4.115000E-03,+40.201005E-03,+40.201005E-03
+4.120000E-03,+40.201005E-03,+56.532663E-03
+4.125000E-03,+40.201005E-03,+52.763819E-03
+4.130000E-03,+40.201005E-03,+60.301507E-03
+4.135000E-03,+40.201005E-03,+40.201005E-03
+4.140000E-03,+60.301507E-03,+42.713567E-03
+4.145000E-03,+40.201005E-03,+60.301507E-03
+4.150000E-03,+40.201005E-03,+40.201005E-03
+4.155000E-03,+40.201005E-03,+52.763819E-03
+4.160000E-03,+40.201005E-03,+40.201005E-03
+4.165000E-03,+40.201005E-03,+46.482412E-03
+4.170000E-03,+40.201005E-03,+40.201005E-03
+4.175000E-03,+40.201005E-03,+60.301507E-03
+4.180000E-03,+40.201005E-03,+42.713567E-03
+4.185000E-03,+52.763819E-03,+40.201005E-03
+4.190000E-03,+42.713567E-03,+60.301507E-03
+4.195000E-03,+40.201005E-03,+52.763819E-03
+4.200000E-03,+56.532663E-03,+56.532663E-03
+4.205000E-03,+40.201005E-03,+46.482412E-03
+4.210000E-03,+56.532663E-03,+60.301507E-03
+4.215000E-03,+40.201005E-03,+52.763819E-03
+4.220000E-03,+40.201005E-03,+56.532663E-03
+4.225000E-03,+40.201005E-03,+52.763819E-03
+4.230000E-03,+42.713567E-03,+60.301507E-03
+4.235000E-03,+40.201005E-03,+60.301507E-03
+4.240000E-03,+40.201005E-03,+42.713567E-03
+4.245000E-03,+40.201005E-03,+40.201005E-03
+4.250000E-03,+40.201005E-03,+40.201005E-03
+4.255000E-03,+40.201005E-03,+52.763819E-03
+4.260000E-03,+60.301507E-03,+56.532663E-03
+4.265000E-03,+46.482412E-03,+40.201005E-03
+4.270000E-03,+56.532663E-03,+60.301507E-03
+4.275000E-03,+40.201005E-03,+40.201005E-03
+4.280000E-03,+42.713567E-03,+42.713567E-03
+4.285000E-03,+52.763819E-03,+52.763819E-03
+4.290000E-03,+42.713567E-03,+56.532663E-03
+4.295000E-03,+40.201005E-03,+52.763819E-03
+4.300000E-03,+40.201005E-03,+56.532663E-03
+4.305000E-03,+40.201005E-03,+26.381909E-03
+4.310000E-03,+40.201005E-03,+40.201005E-03
+4.315000E-03,+46.482412E-03,+40.201005E-03
+4.320000E-03,+56.532663E-03,+40.201005E-03
+4.325000E-03,+46.482412E-03,+46.482412E-03
+4.330000E-03,+42.713567E-03,+60.301507E-03
+4.335000E-03,+40.201005E-03,+40.201005E-03
+4.340000E-03,+40.201005E-03,+42.713567E-03
+4.345000E-03,+40.201005E-03,+40.201005E-03
+4.350000E-03,+40.201005E-03,+42.713567E-03
+4.355000E-03,+40.201005E-03,+52.763819E-03
+4.360000E-03,+40.201005E-03,+56.532663E-03
+4.365000E-03,+40.201005E-03,+60.301507E-03
+4.370000E-03,+42.713567E-03,+42.713567E-03
+4.375000E-03,+40.201005E-03,+40.201005E-03
+4.380000E-03,+40.201005E-03,+40.201005E-03
+4.385000E-03,+40.201005E-03,+60.301507E-03
+4.390000E-03,+40.201005E-03,+42.713567E-03
+4.395000E-03,+40.201005E-03,+40.201005E-03
+4.400000E-03,+40.201005E-03,+40.201005E-03
+4.405000E-03,+40.201005E-03,+46.482412E-03
+4.410000E-03,+42.713567E-03,+60.301507E-03
+4.415000E-03,+40.201005E-03,+40.201005E-03
+4.420000E-03,+40.201005E-03,+60.301507E-03
+4.425000E-03,+40.201005E-03,+52.763819E-03
+4.430000E-03,+40.201005E-03,+60.301507E-03
+4.435000E-03,+52.763819E-03,+52.763819E-03
+4.440000E-03,+42.713567E-03,+40.201005E-03
+4.445000E-03,+52.763819E-03,+52.763819E-03
+4.450000E-03,+40.201005E-03,+56.532663E-03
+4.455000E-03,+40.201005E-03,+40.201005E-03
+4.460000E-03,+40.201005E-03,+56.532663E-03
+4.465000E-03,+40.201005E-03,+40.201005E-03
+4.470000E-03,+40.201005E-03,+42.713567E-03
+4.475000E-03,+40.201005E-03,+40.201005E-03
+4.480000E-03,+40.201005E-03,+40.201005E-03
+4.485000E-03,+40.201005E-03,+40.201005E-03
+4.490000E-03,+40.201005E-03,+40.201005E-03
+4.495000E-03,+40.201005E-03,+40.201005E-03
+4.500000E-03,+40.201005E-03,+40.201005E-03
+4.505000E-03,+40.201005E-03,+46.482412E-03
+4.510000E-03,+40.201005E-03,+40.201005E-03
+4.515000E-03,+40.201005E-03,+46.482412E-03
+4.520000E-03,+40.201005E-03,+42.713567E-03
+4.525000E-03,+40.201005E-03,+52.763819E-03
+4.530000E-03,+40.201005E-03,+40.201005E-03
+4.535000E-03,+40.201005E-03,+52.763819E-03
+4.540000E-03,+36.432160E-03,+42.713567E-03
+4.545000E-03,+40.201005E-03,+40.201005E-03
+4.550000E-03,+40.201005E-03,+40.201005E-03
+4.555000E-03,+40.201005E-03,+40.201005E-03
+4.560000E-03,+40.201005E-03,+40.201005E-03
+4.565000E-03,+32.663316E-03,+46.482412E-03
+4.570000E-03,+40.201005E-03,+40.201005E-03
+4.575000E-03,+52.763819E-03,+40.201005E-03
+4.580000E-03,+56.532663E-03,+40.201005E-03
+4.585000E-03,+40.201005E-03,+52.763819E-03
+4.590000E-03,+40.201005E-03,+42.713567E-03
+4.595000E-03,+40.201005E-03,+60.301507E-03
+4.600000E-03,+40.201005E-03,+40.201005E-03
+4.605000E-03,+40.201005E-03,+46.482412E-03
+4.610000E-03,+40.201005E-03,+40.201005E-03
+4.615000E-03,+40.201005E-03,+40.201005E-03
+4.620000E-03,+40.201005E-03,+42.713567E-03
+4.625000E-03,+26.381909E-03,+40.201005E-03
+4.630000E-03,+22.613065E-03,+56.532663E-03
+4.635000E-03,+52.763819E-03,+40.201005E-03
+4.640000E-03,+40.201005E-03,+40.201005E-03
+4.645000E-03,+40.201005E-03,+46.482412E-03
+4.650000E-03,+40.201005E-03,+56.532663E-03
+4.655000E-03,+32.663316E-03,+40.201005E-03
+4.660000E-03,+40.201005E-03,+40.201005E-03
+4.665000E-03,+52.763819E-03,+52.763819E-03
+4.670000E-03,+56.532663E-03,+40.201005E-03
+4.675000E-03,+40.201005E-03,+40.201005E-03
+4.680000E-03,+40.201005E-03,+40.201005E-03
+4.685000E-03,+40.201005E-03,+46.482412E-03
+4.690000E-03,+40.201005E-03,+40.201005E-03
+4.695000E-03,+40.201005E-03,+52.763819E-03
+4.700000E-03,+40.201005E-03,+42.713567E-03
+4.705000E-03,+40.201005E-03,+40.201005E-03
+4.710000E-03,+40.201005E-03,+40.201005E-03
+4.715000E-03,+52.763819E-03,+40.201005E-03
+4.720000E-03,+40.201005E-03,+42.713567E-03
+4.725000E-03,+40.201005E-03,+26.381909E-03
+4.730000E-03,+40.201005E-03,+40.201005E-03
+4.735000E-03,+40.201005E-03,+60.301507E-03
+4.740000E-03,+40.201005E-03,+40.201005E-03
+4.745000E-03,+40.201005E-03,+40.201005E-03
+4.750000E-03,+22.613065E-03,+56.532663E-03
+4.755000E-03,+40.201005E-03,+40.201005E-03
+4.760000E-03,+40.201005E-03,+40.201005E-03
+4.765000E-03,+40.201005E-03,+40.201005E-03
+4.770000E-03,+40.201005E-03,+56.532663E-03
+4.775000E-03,+40.201005E-03,+40.201005E-03
+4.780000E-03,+40.201005E-03,+40.201005E-03
+4.785000E-03,+40.201005E-03,+52.763819E-03
+4.790000E-03,+36.432160E-03,+40.201005E-03
+4.795000E-03,+40.201005E-03,+46.482412E-03
+4.800000E-03,+22.613065E-03,+40.201005E-03
+4.805000E-03,+26.381909E-03,+40.201005E-03
+4.810000E-03,+40.201005E-03,+40.201005E-03
+4.815000E-03,+20.100502E-03,+26.381909E-03
+4.820000E-03,+40.201005E-03,+42.713567E-03
+4.825000E-03,+26.381909E-03,+40.201005E-03
+4.830000E-03,+22.613065E-03,+40.201005E-03
+4.835000E-03,+40.201005E-03,+40.201005E-03
+4.840000E-03,+40.201005E-03,+40.201005E-03
+4.845000E-03,+26.381909E-03,+40.201005E-03
+4.850000E-03,+20.100502E-03,+40.201005E-03
+4.855000E-03,+40.201005E-03,+40.201005E-03
+4.860000E-03,+40.201005E-03,+36.432160E-03
+4.865000E-03,+20.100502E-03,+40.201005E-03
+4.870000E-03,+40.201005E-03,+40.201005E-03
+4.875000E-03,+20.100502E-03,+40.201005E-03
+4.880000E-03,+22.613065E-03,+40.201005E-03
+4.885000E-03,+32.663316E-03,+40.201005E-03
+4.890000E-03,+20.100502E-03,+36.432160E-03
+4.895000E-03,+40.201005E-03,+40.201005E-03
+4.900000E-03,+20.100502E-03,+40.201005E-03
+4.905000E-03,+26.381909E-03,+52.763819E-03
+4.910000E-03,+40.201005E-03,+40.201005E-03
+4.915000E-03,+20.100502E-03,+26.381909E-03
+4.920000E-03,+22.613065E-03,+40.201005E-03
+4.925000E-03,+26.381909E-03,+40.201005E-03
+4.930000E-03,+40.201005E-03,+40.201005E-03
+4.935000E-03,+26.381909E-03,+40.201005E-03
+4.940000E-03,+36.432160E-03,+40.201005E-03
+4.945000E-03,+32.663316E-03,+32.663316E-03
+4.950000E-03,+36.432160E-03,+36.432160E-03
+4.955000E-03,+26.381909E-03,+40.201005E-03
+4.960000E-03,+40.201005E-03,+40.201005E-03
+4.965000E-03,+26.381909E-03,+40.201005E-03
+4.970000E-03,+20.100502E-03,+40.201005E-03
+4.975000E-03,+26.381909E-03,+40.201005E-03
+4.980000E-03,+40.201005E-03,+40.201005E-03
+4.985000E-03,+32.663316E-03,+40.201005E-03
+4.990000E-03,+36.432160E-03,+40.201005E-03
+4.995000E-03,+40.201005E-03,+40.201005E-03
+5.000000E-03,+36.432160E-03,+40.201005E-03
+5.005000E-03,+40.201005E-03,+20.100502E-03
+5.010000E-03,+40.201005E-03,+36.432160E-03
+5.015000E-03,+40.201005E-03,+40.201005E-03
+5.020000E-03,+36.432160E-03,+40.201005E-03
+5.025000E-03,+40.201005E-03,+40.201005E-03
+5.030000E-03,+20.100502E-03,+40.201005E-03
+5.035000E-03,+20.100502E-03,+32.663316E-03
+5.040000E-03,+22.613065E-03,+40.201005E-03
+5.045000E-03,+32.663316E-03,+40.201005E-03
+5.050000E-03,+20.100502E-03,+40.201005E-03
+5.055000E-03,+20.100502E-03,+20.100502E-03
+5.060000E-03,+22.613065E-03,+40.201005E-03
+5.065000E-03,+20.100502E-03,+40.201005E-03
+5.070000E-03,+22.613065E-03,+40.201005E-03
+5.075000E-03,+20.100502E-03,+40.201005E-03
+5.080000E-03,+36.432160E-03,+22.613065E-03
+5.085000E-03,+20.100502E-03,+40.201005E-03
+5.090000E-03,+20.100502E-03,+40.201005E-03
+5.095000E-03,+26.381909E-03,+32.663316E-03
+5.100000E-03,+20.100502E-03,+36.432160E-03
+5.105000E-03,+40.201005E-03,+40.201005E-03
+5.110000E-03,+36.432160E-03,+40.201005E-03
+5.115000E-03,+20.100502E-03,+40.201005E-03
+5.120000E-03,+22.613065E-03,+22.613065E-03
+5.125000E-03,+20.100502E-03,+40.201005E-03
+5.130000E-03,+36.432160E-03,+22.613065E-03
+5.135000E-03,+20.100502E-03,+40.201005E-03
+5.140000E-03,+20.100502E-03,+40.201005E-03
+5.145000E-03,+20.100502E-03,+26.381909E-03
+5.150000E-03,+20.100502E-03,+40.201005E-03
+5.155000E-03,+20.100502E-03,+40.201005E-03
+5.160000E-03,+20.100502E-03,+40.201005E-03
+5.165000E-03,+26.381909E-03,+40.201005E-03
+5.170000E-03,+20.100502E-03,+40.201005E-03
+5.175000E-03,+20.100502E-03,+32.663316E-03
+5.180000E-03,+20.100502E-03,+36.432160E-03
+5.185000E-03,+32.663316E-03,+20.100502E-03
+5.190000E-03,+20.100502E-03,+40.201005E-03
+5.195000E-03,+26.381909E-03,+26.381909E-03
+5.200000E-03,+22.613065E-03,+22.613065E-03
+5.205000E-03,+32.663316E-03,+40.201005E-03
+5.210000E-03,+20.100502E-03,+22.613065E-03
+5.215000E-03,+20.100502E-03,+26.381909E-03
+5.220000E-03,+20.100502E-03,+20.100502E-03
+5.225000E-03,+20.100502E-03,+32.663316E-03
+5.230000E-03,+20.100502E-03,+36.432160E-03
+5.235000E-03,+20.100502E-03,+20.100502E-03
+5.240000E-03,+20.100502E-03,+20.100502E-03
+5.245000E-03,+20.100502E-03,+26.381909E-03
+5.250000E-03,+20.100502E-03,+22.613065E-03
+5.255000E-03,+20.100502E-03,+20.100502E-03
+5.260000E-03,+20.100502E-03,+20.100502E-03
+5.265000E-03,+32.663316E-03,+20.100502E-03
+5.270000E-03,+20.100502E-03,+20.100502E-03
+5.275000E-03,+26.381909E-03,+20.100502E-03
+5.280000E-03,+20.100502E-03,+20.100502E-03
+5.285000E-03,+20.100502E-03,+26.381909E-03
+5.290000E-03,+20.100502E-03,+20.100502E-03
+5.295000E-03,+20.100502E-03,+20.100502E-03
+5.300000E-03,+16.331658E-03,+20.100502E-03
+5.305000E-03,+20.100502E-03,+20.100502E-03
+5.310000E-03,+2.512563E-03,+20.100502E-03
+5.315000E-03,+20.100502E-03,+20.100502E-03
+5.320000E-03,+36.432160E-03,+20.100502E-03
+5.325000E-03,+20.100502E-03,+26.381909E-03
+5.330000E-03,+20.100502E-03,+20.100502E-03
+5.335000E-03,+12.562814E-03,+20.100502E-03
+5.340000E-03,+20.100502E-03,+22.613065E-03
+5.345000E-03,+12.562814E-03,+20.100502E-03
+5.350000E-03,+20.100502E-03,+36.432160E-03
+5.355000E-03,+12.562814E-03,+32.663316E-03
+5.360000E-03,+20.100502E-03,+20.100502E-03
+5.365000E-03,+0.0E+00,+20.100502E-03
+5.370000E-03,+20.100502E-03,+20.100502E-03
+5.375000E-03,+20.100502E-03,+20.100502E-03
+5.380000E-03,+2.512563E-03,+20.100502E-03
+5.385000E-03,+20.100502E-03,+20.100502E-03
+5.390000E-03,+20.100502E-03,+20.100502E-03
+5.395000E-03,+12.562814E-03,+20.100502E-03
+5.400000E-03,+16.331658E-03,+20.100502E-03
+5.405000E-03,+0.0E+00,+20.100502E-03
+5.410000E-03,+20.100502E-03,+20.100502E-03
+5.415000E-03,+0.0E+00,+20.100502E-03
+5.420000E-03,+16.331658E-03,+20.100502E-03
+5.425000E-03,+0.0E+00,+32.663316E-03
+5.430000E-03,+16.331658E-03,+20.100502E-03
+5.435000E-03,+6.281407E-03,+12.562814E-03
+5.440000E-03,+36.432160E-03,+20.100502E-03
+5.445000E-03,+12.562814E-03,+20.100502E-03
+5.450000E-03,+0.0E+00,+20.100502E-03
+5.455000E-03,+0.0E+00,+20.100502E-03
+5.460000E-03,+16.331658E-03,+20.100502E-03
+5.465000E-03,+6.281407E-03,+20.100502E-03
+5.470000E-03,+20.100502E-03,+20.100502E-03
+5.475000E-03,+6.281407E-03,+20.100502E-03
+5.480000E-03,+20.100502E-03,+20.100502E-03
+5.485000E-03,+0.0E+00,+20.100502E-03
+5.490000E-03,+0.0E+00,+20.100502E-03
+5.495000E-03,+0.0E+00,+6.281407E-03
+5.500000E-03,+0.0E+00,+20.100502E-03
+5.505000E-03,+0.0E+00,+20.100502E-03
+5.510000E-03,+0.0E+00,+20.100502E-03
+5.515000E-03,+12.562814E-03,+20.100502E-03
+5.520000E-03,+16.331658E-03,+0.0E+00
+5.525000E-03,+12.562814E-03,+20.100502E-03
+5.530000E-03,+0.0E+00,+0.0E+00
+5.535000E-03,+0.0E+00,+0.0E+00
+5.540000E-03,+0.0E+00,+20.100502E-03
+5.545000E-03,+6.281407E-03,+20.100502E-03
+5.550000E-03,+20.100502E-03,+20.100502E-03
+5.555000E-03,+0.0E+00,+20.100502E-03
+5.560000E-03,+0.0E+00,+0.0E+00
+5.565000E-03,+0.0E+00,+20.100502E-03
+5.570000E-03,+0.0E+00,+20.100502E-03
+5.575000E-03,+0.0E+00,+20.100502E-03
+5.580000E-03,+20.100502E-03,+2.512563E-03
+5.585000E-03,+0.0E+00,+20.100502E-03
+5.590000E-03,+0.0E+00,+16.331658E-03
+5.595000E-03,+0.0E+00,+20.100502E-03
+5.600000E-03,+0.0E+00,+2.512563E-03
+5.605000E-03,+0.0E+00,+12.562814E-03
+5.610000E-03,+0.0E+00,+16.331658E-03
+5.615000E-03,+0.0E+00,+20.100502E-03
+5.620000E-03,+0.0E+00,+16.331658E-03
+5.625000E-03,+0.0E+00,+20.100502E-03
+5.630000E-03,+16.331658E-03,+20.100502E-03
+5.635000E-03,+0.0E+00,+6.281407E-03
+5.640000E-03,+0.0E+00,+20.100502E-03
+5.645000E-03,+0.0E+00,+6.281407E-03
+5.650000E-03,+0.0E+00,+16.331658E-03
+5.655000E-03,-6.281407E-03,+6.281407E-03
+5.660000E-03,+0.0E+00,+2.512563E-03
+5.665000E-03,+0.0E+00,+12.562814E-03
+5.670000E-03,+0.0E+00,+20.100502E-03
+5.675000E-03,+0.0E+00,+6.281407E-03
+5.680000E-03,+0.0E+00,+20.100502E-03
+5.685000E-03,+0.0E+00,+20.100502E-03
+5.690000E-03,+0.0E+00,+16.331658E-03
+5.695000E-03,+6.281407E-03,+6.281407E-03
+5.700000E-03,+0.0E+00,+20.100502E-03
+5.705000E-03,+0.0E+00,+12.562814E-03
+5.710000E-03,+0.0E+00,+16.331658E-03
+5.715000E-03,+0.0E+00,+0.0E+00
+5.720000E-03,+0.0E+00,+20.100502E-03
+5.725000E-03,+0.0E+00,+20.100502E-03
+5.730000E-03,+0.0E+00,+20.100502E-03
+5.735000E-03,+0.0E+00,+12.562814E-03
+5.740000E-03,+0.0E+00,+0.0E+00
+5.745000E-03,+0.0E+00,+6.281407E-03
+5.750000E-03,+0.0E+00,+20.100502E-03
+5.755000E-03,+0.0E+00,+20.100502E-03
+5.760000E-03,+0.0E+00,+0.0E+00
+5.765000E-03,+0.0E+00,+12.562814E-03
+5.770000E-03,-16.331658E-03,+2.512563E-03
+5.775000E-03,+0.0E+00,+6.281407E-03
+5.780000E-03,+0.0E+00,+16.331658E-03
+5.785000E-03,+0.0E+00,+12.562814E-03
+5.790000E-03,+0.0E+00,+0.0E+00
+5.795000E-03,+0.0E+00,+12.562814E-03
+5.800000E-03,-16.331658E-03,+20.100502E-03
+5.805000E-03,+0.0E+00,+0.0E+00
+5.810000E-03,+0.0E+00,+16.331658E-03
+5.815000E-03,+0.0E+00,+20.100502E-03
+5.820000E-03,+0.0E+00,+16.331658E-03
+5.825000E-03,+0.0E+00,+12.562814E-03
+5.830000E-03,+0.0E+00,+2.512563E-03
+5.835000E-03,+0.0E+00,+0.0E+00
+5.840000E-03,+0.0E+00,+16.331658E-03
+5.845000E-03,+0.0E+00,+0.0E+00
+5.850000E-03,-16.331658E-03,+16.331658E-03
+5.855000E-03,+0.0E+00,+20.100502E-03
+5.860000E-03,+16.331658E-03,+0.0E+00
+5.865000E-03,+0.0E+00,+20.100502E-03
+5.870000E-03,-16.331658E-03,+16.331658E-03
+5.875000E-03,-12.562814E-03,+20.100502E-03
+5.880000E-03,+0.0E+00,+0.0E+00
+5.885000E-03,+0.0E+00,+0.0E+00
+5.890000E-03,-16.331658E-03,+20.100502E-03
+5.895000E-03,+0.0E+00,+20.100502E-03
+5.900000E-03,+0.0E+00,+20.100502E-03
+5.905000E-03,+0.0E+00,+0.0E+00
+5.910000E-03,+0.0E+00,+2.512563E-03
+5.915000E-03,+0.0E+00,+0.0E+00
+5.920000E-03,+0.0E+00,+20.100502E-03
+5.925000E-03,+0.0E+00,+0.0E+00
+5.930000E-03,+0.0E+00,+2.512563E-03
+5.935000E-03,-6.281407E-03,+6.281407E-03
+5.940000E-03,+0.0E+00,+2.512563E-03
+5.945000E-03,+0.0E+00,+0.0E+00
+5.950000E-03,+0.0E+00,+0.0E+00
+5.955000E-03,+0.0E+00,+20.100502E-03
+5.960000E-03,-2.512563E-03,+0.0E+00
+5.965000E-03,+0.0E+00,+12.562814E-03
+5.970000E-03,+0.0E+00,+2.512563E-03
+5.975000E-03,-12.562814E-03,+6.281407E-03
+5.980000E-03,+0.0E+00,+20.100502E-03
+5.985000E-03,-6.281407E-03,+0.0E+00
+5.990000E-03,+0.0E+00,+20.100502E-03
+5.995000E-03,-12.562814E-03,+0.0E+00
+6.000000E-03,-20.100502E-03,+0.0E+00
+6.005000E-03,+0.0E+00,+6.281407E-03
+6.010000E-03,-2.512563E-03,+0.0E+00
+6.015000E-03,+0.0E+00,+6.281407E-03
+6.020000E-03,-16.331658E-03,+0.0E+00
+6.025000E-03,-12.562814E-03,+0.0E+00
+6.030000E-03,-2.512563E-03,+0.0E+00
+6.035000E-03,-12.562814E-03,+20.100502E-03
+6.040000E-03,-2.512563E-03,+20.100502E-03
+6.045000E-03,-6.281407E-03,+12.562814E-03
+6.050000E-03,-20.100502E-03,+16.331658E-03
+6.055000E-03,+0.0E+00,+6.281407E-03
+6.060000E-03,-16.331658E-03,+0.0E+00
+6.065000E-03,-12.562814E-03,+6.281407E-03
+6.070000E-03,-20.100502E-03,+0.0E+00
+6.075000E-03,-6.281407E-03,+0.0E+00
+6.080000E-03,+0.0E+00,+2.512563E-03
+6.085000E-03,+0.0E+00,+0.0E+00
+6.090000E-03,+0.0E+00,+0.0E+00
+6.095000E-03,+0.0E+00,+0.0E+00
+6.100000E-03,-2.512563E-03,+0.0E+00
+6.105000E-03,+0.0E+00,+12.562814E-03
+6.110000E-03,-16.331658E-03,+0.0E+00
+6.115000E-03,-12.562814E-03,+0.0E+00
+6.120000E-03,-2.512563E-03,+16.331658E-03
+6.125000E-03,-12.562814E-03,+0.0E+00
+6.130000E-03,+0.0E+00,+0.0E+00
+6.135000E-03,-6.281407E-03,+0.0E+00
+6.140000E-03,-20.100502E-03,+0.0E+00
+6.145000E-03,-6.281407E-03,+0.0E+00
+6.150000E-03,-16.331658E-03,+0.0E+00
+6.155000E-03,-6.281407E-03,+0.0E+00
+6.160000E-03,-20.100502E-03,+0.0E+00
+6.165000E-03,-20.100502E-03,+0.0E+00
+6.170000E-03,-20.100502E-03,+0.0E+00
+6.175000E-03,-20.100502E-03,+12.562814E-03
+6.180000E-03,-20.100502E-03,+0.0E+00
+6.185000E-03,-12.562814E-03,+0.0E+00
+6.190000E-03,-16.331658E-03,+0.0E+00
+6.195000E-03,-12.562814E-03,+20.100502E-03
+6.200000E-03,+0.0E+00,+0.0E+00
+6.205000E-03,-12.562814E-03,+0.0E+00
+6.210000E-03,-20.100502E-03,+0.0E+00
+6.215000E-03,-6.281407E-03,+20.100502E-03
+6.220000E-03,-20.100502E-03,+0.0E+00
+6.225000E-03,-12.562814E-03,+0.0E+00
+6.230000E-03,-20.100502E-03,+0.0E+00
+6.235000E-03,-20.100502E-03,+0.0E+00
+6.240000E-03,-20.100502E-03,+0.0E+00
+6.245000E-03,-32.663316E-03,+0.0E+00
+6.250000E-03,-20.100502E-03,-16.331658E-03
+6.255000E-03,-20.100502E-03,+0.0E+00
+6.260000E-03,-2.512563E-03,+0.0E+00
+6.265000E-03,-20.100502E-03,+6.281407E-03
+6.270000E-03,-20.100502E-03,+2.512563E-03
+6.275000E-03,+0.0E+00,+0.0E+00
+6.280000E-03,-20.100502E-03,+0.0E+00
+6.285000E-03,-12.562814E-03,+6.281407E-03
+6.290000E-03,-20.100502E-03,+2.512563E-03
+6.295000E-03,-20.100502E-03,+0.0E+00
+6.300000E-03,-20.100502E-03,+2.512563E-03
+6.305000E-03,-6.281407E-03,+0.0E+00
+6.310000E-03,-20.100502E-03,+0.0E+00
+6.315000E-03,-20.100502E-03,+0.0E+00
+6.320000E-03,-20.100502E-03,+0.0E+00
+6.325000E-03,-20.100502E-03,+0.0E+00
+6.330000E-03,-20.100502E-03,+0.0E+00
+6.335000E-03,-12.562814E-03,+6.281407E-03
+6.340000E-03,-20.100502E-03,+0.0E+00
+6.345000E-03,-6.281407E-03,-12.562814E-03
+6.350000E-03,-20.100502E-03,+0.0E+00
+6.355000E-03,-20.100502E-03,-12.562814E-03
+6.360000E-03,-16.331658E-03,+0.0E+00
+6.365000E-03,-20.100502E-03,+0.0E+00
+6.370000E-03,-20.100502E-03,+0.0E+00
+6.375000E-03,-20.100502E-03,+0.0E+00
+6.380000E-03,-20.100502E-03,+0.0E+00
+6.385000E-03,-20.100502E-03,+0.0E+00
+6.390000E-03,-20.100502E-03,+0.0E+00
+6.395000E-03,-20.100502E-03,+0.0E+00
+6.400000E-03,-20.100502E-03,+0.0E+00
+6.405000E-03,-20.100502E-03,+0.0E+00
+6.410000E-03,-16.331658E-03,+0.0E+00
+6.415000E-03,-20.100502E-03,+0.0E+00
+6.420000E-03,-20.100502E-03,+0.0E+00
+6.425000E-03,-32.663316E-03,+0.0E+00
+6.430000E-03,-20.100502E-03,+0.0E+00
+6.435000E-03,-20.100502E-03,+0.0E+00
+6.440000E-03,-20.100502E-03,-16.331658E-03
+6.445000E-03,-20.100502E-03,+0.0E+00
+6.450000E-03,-20.100502E-03,+0.0E+00
+6.455000E-03,-20.100502E-03,+0.0E+00
+6.460000E-03,-20.100502E-03,-20.100502E-03
+6.465000E-03,-20.100502E-03,+0.0E+00
+6.470000E-03,-20.100502E-03,+16.331658E-03
+6.475000E-03,-20.100502E-03,+0.0E+00
+6.480000E-03,-20.100502E-03,+0.0E+00
+6.485000E-03,-6.281407E-03,+0.0E+00
+6.490000E-03,-20.100502E-03,+0.0E+00
+6.495000E-03,-20.100502E-03,+12.562814E-03
+6.500000E-03,-20.100502E-03,+0.0E+00
+6.505000E-03,-20.100502E-03,+0.0E+00
+6.510000E-03,-2.512563E-03,+0.0E+00
+6.515000E-03,-20.100502E-03,+12.562814E-03
+6.520000E-03,-20.100502E-03,+0.0E+00
+6.525000E-03,-32.663316E-03,+0.0E+00
+6.530000E-03,-36.432160E-03,+0.0E+00
+6.535000E-03,-20.100502E-03,-12.562814E-03
+6.540000E-03,-20.100502E-03,+0.0E+00
+6.545000E-03,-20.100502E-03,+0.0E+00
+6.550000E-03,-20.100502E-03,+0.0E+00
+6.555000E-03,-20.100502E-03,+0.0E+00
+6.560000E-03,-20.100502E-03,+0.0E+00
+6.565000E-03,-20.100502E-03,+0.0E+00
+6.570000E-03,-20.100502E-03,+16.331658E-03
+6.575000E-03,-20.100502E-03,+0.0E+00
+6.580000E-03,-40.201005E-03,+0.0E+00
+6.585000E-03,-32.663316E-03,-12.562814E-03
+6.590000E-03,-22.613065E-03,+0.0E+00
+6.595000E-03,-20.100502E-03,-12.562814E-03
+6.600000E-03,-20.100502E-03,+0.0E+00
+6.605000E-03,-20.100502E-03,+0.0E+00
+6.610000E-03,-20.100502E-03,+0.0E+00
+6.615000E-03,-20.100502E-03,+0.0E+00
+6.620000E-03,-20.100502E-03,+0.0E+00
+6.625000E-03,-20.100502E-03,+0.0E+00
+6.630000E-03,-36.432160E-03,+0.0E+00
+6.635000E-03,-20.100502E-03,+0.0E+00
+6.640000E-03,-20.100502E-03,+2.512563E-03
+6.645000E-03,-32.663316E-03,+0.0E+00
+6.650000E-03,-20.100502E-03,-16.331658E-03
+6.655000E-03,-20.100502E-03,+0.0E+00
+6.660000E-03,-22.613065E-03,-16.331658E-03
+6.665000E-03,-20.100502E-03,-6.281407E-03
+6.670000E-03,-20.100502E-03,-16.331658E-03
+6.675000E-03,-20.100502E-03,+0.0E+00
+6.680000E-03,-20.100502E-03,+0.0E+00
+6.685000E-03,-20.100502E-03,+0.0E+00
+6.690000E-03,-20.100502E-03,+0.0E+00
+6.695000E-03,-20.100502E-03,+0.0E+00
+6.700000E-03,-20.100502E-03,+0.0E+00
+6.705000E-03,-26.381909E-03,+0.0E+00
+6.710000E-03,-36.432160E-03,+0.0E+00
+6.715000E-03,-20.100502E-03,+0.0E+00
+6.720000E-03,-40.201005E-03,+0.0E+00
+6.725000E-03,-20.100502E-03,+0.0E+00
+6.730000E-03,-22.613065E-03,+0.0E+00
+6.735000E-03,-26.381909E-03,+0.0E+00
+6.740000E-03,-20.100502E-03,+0.0E+00
+6.745000E-03,-20.100502E-03,+0.0E+00
+6.750000E-03,-20.100502E-03,+0.0E+00
+6.755000E-03,-20.100502E-03,+0.0E+00
+6.760000E-03,-36.432160E-03,+0.0E+00
+6.765000E-03,-32.663316E-03,+0.0E+00
+6.770000E-03,-22.613065E-03,-16.331658E-03
+6.775000E-03,-20.100502E-03,+0.0E+00
+6.780000E-03,-20.100502E-03,+0.0E+00
+6.785000E-03,-20.100502E-03,+6.281407E-03
+6.790000E-03,-22.613065E-03,+0.0E+00
+6.795000E-03,-20.100502E-03,+0.0E+00
+6.800000E-03,-22.613065E-03,+0.0E+00
+6.805000E-03,-20.100502E-03,+0.0E+00
+6.810000E-03,-20.100502E-03,+0.0E+00
+6.815000E-03,-26.381909E-03,+0.0E+00
+6.820000E-03,-20.100502E-03,+0.0E+00
+6.825000E-03,-20.100502E-03,+0.0E+00
+6.830000E-03,-22.613065E-03,+0.0E+00
+6.835000E-03,-32.663316E-03,+0.0E+00
+6.840000E-03,-20.100502E-03,+0.0E+00
+6.845000E-03,-20.100502E-03,-6.281407E-03
+6.850000E-03,-20.100502E-03,+0.0E+00
+6.855000E-03,-20.100502E-03,+0.0E+00
+6.860000E-03,-20.100502E-03,+0.0E+00
+6.865000E-03,-20.100502E-03,+0.0E+00
+6.870000E-03,-22.613065E-03,+0.0E+00
+6.875000E-03,-20.100502E-03,+0.0E+00
+6.880000E-03,-20.100502E-03,+0.0E+00
+6.885000E-03,-26.381909E-03,-12.562814E-03
+6.890000E-03,-22.613065E-03,+0.0E+00
+6.895000E-03,-20.100502E-03,+0.0E+00
+6.900000E-03,-20.100502E-03,+2.512563E-03
+6.905000E-03,-32.663316E-03,+0.0E+00
+6.910000E-03,-36.432160E-03,+0.0E+00
+6.915000E-03,-32.663316E-03,-6.281407E-03
+6.920000E-03,-20.100502E-03,+0.0E+00
+6.925000E-03,-20.100502E-03,+0.0E+00
+6.930000E-03,-20.100502E-03,-16.331658E-03
+6.935000E-03,-26.381909E-03,+0.0E+00
+6.940000E-03,-20.100502E-03,+0.0E+00
+6.945000E-03,-32.663316E-03,+0.0E+00
+6.950000E-03,-20.100502E-03,+0.0E+00
+6.955000E-03,-20.100502E-03,-20.100502E-03
+6.960000E-03,-36.432160E-03,-2.512563E-03
+6.965000E-03,-20.100502E-03,+0.0E+00
+6.970000E-03,-22.613065E-03,+0.0E+00
+6.975000E-03,-20.100502E-03,+0.0E+00
+6.980000E-03,-20.100502E-03,-20.100502E-03
+6.985000E-03,-32.663316E-03,+0.0E+00
+6.990000E-03,-20.100502E-03,+0.0E+00
+6.995000E-03,-26.381909E-03,+0.0E+00
