#x-axis,1,2
#second,Volt,Volt
#+543.20000E-03,,
+543.22500E-03,-8.04020E-03,-452.26130E-03
+543.25000E-03,-8.04020E-03,-442.21105E-03
+543.27500E-03,-3.51759E-03,-439.69849E-03
+543.30000E-03,-8.04020E-03,-442.21105E-03
+543.32500E-03,-8.04020E-03,-442.21105E-03
+543.35000E-03,-7.53769E-03,-461.05527E-03
+543.37500E-03,-8.04020E-03,-432.16080E-03
+543.40000E-03,-8.04020E-03,-462.31155E-03
+543.42500E-03,-8.04020E-03,-442.21105E-03
+543.45000E-03,-8.04020E-03,-442.21105E-03
+543.47500E-03,+0.0E+00,-463.56783E-03
+543.50000E-03,+7.53769E-03,-461.05527E-03
+543.52500E-03,-4.02010E-03,-452.26130E-03
+543.55000E-03,-8.04020E-03,-462.31155E-03
+543.57500E-03,-8.04020E-03,-452.26130E-03
+543.60000E-03,+0.0E+00,-459.79899E-03
+543.62500E-03,+0.0E+00,-442.21105E-03
+543.65000E-03,-8.04020E-03,-442.21105E-03
+543.67500E-03,+0.0E+00,-442.21105E-03
+543.70000E-03,+0.0E+00,-442.21105E-03
+543.72500E-03,-8.04020E-03,-451.00502E-03
+543.75000E-03,-8.04020E-03,-461.05527E-03
+543.77500E-03,-4.02010E-03,-452.26130E-03
+543.80000E-03,+0.0E+00,-442.21105E-03
+543.82500E-03,-8.04020E-03,-451.00502E-03
+543.85000E-03,+0.0E+00,-442.21105E-03
+543.87500E-03,+0.0E+00,-442.21105E-03
+543.90000E-03,+0.0E+00,-442.21105E-03
+543.92500E-03,-3.51759E-03,-452.26130E-03
+543.95000E-03,+0.0E+00,-459.79899E-03
+543.97500E-03,-8.04020E-03,-442.21105E-03
+544.00000E-03,+0.0E+00,-461.05527E-03
+544.02500E-03,-8.04020E-03,-442.21105E-03
+544.05000E-03,-7.53769E-03,-461.05527E-03
+544.07500E-03,-4.02010E-03,-442.21105E-03
+544.10000E-03,+0.0E+00,-442.21105E-03
+544.12500E-03,-3.51759E-03,-442.21105E-03
+544.15000E-03,+0.0E+00,-442.21105E-03
+544.17500E-03,-8.04020E-03,-442.21105E-03
+544.20000E-03,-7.53769E-03,-442.21105E-03
+544.22500E-03,-4.02010E-03,-452.26130E-03
+544.25000E-03,+0.0E+00,-461.05527E-03
+544.27500E-03,+0.0E+00,-442.21105E-03
+544.30000E-03,-8.04020E-03,-442.21105E-03
+544.32500E-03,+0.0E+00,-430.90452E-03
+544.35000E-03,+0.0E+00,-442.21105E-03
+544.37500E-03,-8.04020E-03,-442.21105E-03
+544.40000E-03,-7.53769E-03,-442.21105E-03
+544.42500E-03,-3.51759E-03,-442.21105E-03
+544.45000E-03,-8.04020E-03,-442.21105E-03
+544.47500E-03,+0.0E+00,-442.21105E-03
+544.50000E-03,-8.04020E-03,-442.21105E-03
+544.52500E-03,-8.04020E-03,-442.21105E-03
+544.55000E-03,-16.08040E-03,-423.36683E-03
+544.57500E-03,+0.0E+00,-442.21105E-03
+544.60000E-03,-7.53769E-03,-442.21105E-03
+544.62500E-03,-3.51759E-03,-442.21105E-03
+544.65000E-03,-7.03518E-03,-442.21105E-03
+544.67500E-03,-8.04020E-03,-442.21105E-03
+544.70000E-03,+0.0E+00,-461.05527E-03
+544.72500E-03,-7.03518E-03,-451.00502E-03
+544.75000E-03,-8.04020E-03,-442.21105E-03
+544.77500E-03,-4.02010E-03,-451.00502E-03
+544.80000E-03,+0.0E+00,-440.95477E-03
+544.82500E-03,-4.02010E-03,-452.26130E-03
+544.85000E-03,-8.04020E-03,-462.31155E-03
+544.87500E-03,+0.0E+00,-452.26130E-03
+544.90000E-03,-8.04020E-03,-461.05527E-03
+544.92500E-03,-4.02010E-03,-442.21105E-03
+544.95000E-03,+0.0E+00,-459.79899E-03
+544.97500E-03,+0.0E+00,-452.26130E-03
+545.00000E-03,+0.0E+00,-442.21105E-03
+545.02500E-03,-4.02010E-03,-442.21105E-03
+545.05000E-03,-8.04020E-03,-442.21105E-03
+545.07500E-03,+0.0E+00,-442.21105E-03
+545.10000E-03,-7.53769E-03,-462.31155E-03
+545.12500E-03,-3.51759E-03,-432.16080E-03
+545.15000E-03,-8.04020E-03,-461.05527E-03
+545.17500E-03,-8.04020E-03,-442.21105E-03
+545.20000E-03,-7.53769E-03,-442.21105E-03
+545.22500E-03,-8.04020E-03,-452.26130E-03
+545.25000E-03,-8.04020E-03,-442.21105E-03
+545.27500E-03,-4.02010E-03,-432.16080E-03
+545.30000E-03,-7.53769E-03,-442.21105E-03
+545.32500E-03,-8.04020E-03,-452.26130E-03
+545.35000E-03,-8.04020E-03,-442.21105E-03
+545.37500E-03,-3.51759E-03,-442.21105E-03
+545.40000E-03,-8.04020E-03,-440.95477E-03
+545.42500E-03,-8.04020E-03,-442.21105E-03
+545.45000E-03,-8.04020E-03,-442.21105E-03
+545.47500E-03,-3.51759E-03,-452.26130E-03
+545.50000E-03,+0.0E+00,-461.05527E-03
+545.52500E-03,-8.04020E-03,-452.26130E-03
+545.55000E-03,-8.04020E-03,-442.21105E-03
+545.57500E-03,-3.51759E-03,-432.16080E-03
+545.60000E-03,-8.04020E-03,-461.05527E-03
+545.62500E-03,-11.55779E-03,-451.00502E-03
+545.65000E-03,-8.04020E-03,-442.21105E-03
+545.67500E-03,-8.04020E-03,-451.00502E-03
+545.70000E-03,-8.04020E-03,-422.11055E-03
+545.72500E-03,-8.04020E-03,-442.21105E-03
+545.75000E-03,-8.04020E-03,-422.11055E-03
+545.77500E-03,-8.04020E-03,-422.11055E-03
+545.80000E-03,-15.57789E-03,-440.95477E-03
+545.82500E-03,-8.04020E-03,-432.16080E-03
+545.85000E-03,-8.04020E-03,-440.95477E-03
+545.87500E-03,-8.04020E-03,-432.16080E-03
+545.90000E-03,-15.57789E-03,-422.11055E-03
+545.92500E-03,-16.08040E-03,-432.16080E-03
+545.95000E-03,-8.04020E-03,-440.95477E-03
+545.97500E-03,-16.08040E-03,-422.11055E-03
+546.00000E-03,-16.08040E-03,-440.95477E-03
+546.02500E-03,-20.10050E-03,-451.00502E-03
+546.05000E-03,-16.08040E-03,-442.21105E-03
+546.07500E-03,-24.12060E-03,-432.16080E-03
+546.10000E-03,-23.61809E-03,-420.85427E-03
+546.12500E-03,-28.14070E-03,-412.06030E-03
+546.15000E-03,-860.80401E-03,+402.01005E-03
+546.17500E-03,-940.70351E-03,+402.01005E-03
+546.20000E-03,-1.00502511E+00,+400.75376E-03
+546.22500E-03,-1.02110552E+00,+391.95979E-03
+546.25000E-03,-1.02110552E+00,+400.75376E-03
+546.27500E-03,-1.02110552E+00,+381.90954E-03
+546.30000E-03,-1.02110552E+00,+400.75376E-03
+546.32500E-03,-1.02110552E+00,+402.01005E-03
+546.35000E-03,-1.02110552E+00,+402.01005E-03
+546.37500E-03,-1.02110552E+00,+402.01005E-03
+546.40000E-03,-1.02060300E+00,+402.01005E-03
+546.42500E-03,-968.84421E-03,+403.26633E-03
+546.45000E-03,-899.99999E-03,+381.90954E-03
+546.47500E-03,-819.09547E-03,+402.01005E-03
+546.50000E-03,-739.19597E-03,+402.01005E-03
+546.52500E-03,-642.21105E-03,+402.01005E-03
+546.55000E-03,-538.19095E-03,+402.01005E-03
+546.57500E-03,-433.16582E-03,+381.90954E-03
+546.60000E-03,-320.60301E-03,+402.01005E-03
+546.62500E-03,-196.48241E-03,+381.90954E-03
+546.65000E-03,-79.39698E-03,+402.01005E-03
+546.67500E-03,+36.18090E-03,+390.70351E-03
+546.70000E-03,+160.80402E-03,+402.01005E-03
+546.72500E-03,+281.90954E-03,+402.01005E-03
+546.75000E-03,+377.88944E-03,+381.90954E-03
+546.77500E-03,+478.39195E-03,+402.01005E-03
+546.80000E-03,+578.89447E-03,+400.75376E-03
+546.82500E-03,+663.31658E-03,+390.70351E-03
+546.85000E-03,+739.69848E-03,+420.85427E-03
+546.87500E-03,+808.04019E-03,+412.06030E-03
+546.90000E-03,+852.26130E-03,+402.01005E-03
+546.92500E-03,+904.52260E-03,+402.01005E-03
+546.95000E-03,+932.66331E-03,+402.01005E-03
+546.97500E-03,+948.74371E-03,+391.95979E-03
+547.00000E-03,+964.82411E-03,+400.75376E-03
+547.02500E-03,+956.78391E-03,+390.70351E-03
+547.05000E-03,+940.20099E-03,+402.01005E-03
+547.07500E-03,+916.58290E-03,+402.01005E-03
+547.10000E-03,+876.38190E-03,+402.01005E-03
+547.12500E-03,+823.61808E-03,+390.70351E-03
+547.15000E-03,+770.85426E-03,+402.01005E-03
+547.17500E-03,+703.01507E-03,+410.80402E-03
+547.20000E-03,+626.63316E-03,+402.01005E-03
+547.22500E-03,+542.21105E-03,+402.01005E-03
+547.25000E-03,+450.25125E-03,+400.75376E-03
+547.27500E-03,+349.24623E-03,+390.70351E-03
+547.30000E-03,+256.78392E-03,+402.01005E-03
+547.32500E-03,+156.28141E-03,+390.70351E-03
+547.35000E-03,+63.31658E-03,+402.01005E-03
+547.37500E-03,-44.22111E-03,+402.01005E-03
+547.40000E-03,-136.68342E-03,+402.01005E-03
+547.42500E-03,-241.20603E-03,+381.90954E-03
+547.45000E-03,-337.68844E-03,+400.75376E-03
+547.47500E-03,-426.13065E-03,+391.95979E-03
+547.50000E-03,-514.57286E-03,+400.75376E-03
+547.52500E-03,-582.91457E-03,+391.95979E-03
+547.55000E-03,-643.21607E-03,+402.01005E-03
+547.57500E-03,-707.53768E-03,+391.95979E-03
+547.60000E-03,-755.77889E-03,+402.01005E-03
+547.62500E-03,-787.93969E-03,+381.90954E-03
+547.65000E-03,-812.06029E-03,+402.01005E-03
+547.67500E-03,-828.14069E-03,+402.01005E-03
+547.70000E-03,-836.18090E-03,+381.90954E-03
+547.72500E-03,-836.18090E-03,+391.95979E-03
+547.75000E-03,-812.06029E-03,+400.75376E-03
+547.77500E-03,-795.97989E-03,+402.01005E-03
+547.80000E-03,-763.81909E-03,+402.01005E-03
+547.82500E-03,-719.09547E-03,+402.01005E-03
+547.85000E-03,-674.87436E-03,+402.01005E-03
+547.87500E-03,-611.05527E-03,+391.95979E-03
+547.90000E-03,-546.23115E-03,+381.90954E-03
+547.92500E-03,-474.37185E-03,+403.26633E-03
+547.95000E-03,-393.96985E-03,+420.85427E-03
+547.97500E-03,-321.60804E-03,+391.95979E-03
+548.00000E-03,-225.12563E-03,+420.85427E-03
+548.02500E-03,-140.20100E-03,+381.90954E-03
+548.05000E-03,-63.31658E-03,+402.01005E-03
+548.07500E-03,+20.10050E-03,+402.01005E-03
+548.10000E-03,+112.56281E-03,+400.75376E-03
+548.12500E-03,+201.00502E-03,+381.90954E-03
+548.15000E-03,+273.36683E-03,+402.01005E-03
+548.17500E-03,+357.78894E-03,+402.01005E-03
+548.20000E-03,+418.09045E-03,+400.75376E-03
+548.22500E-03,+486.43216E-03,+399.49748E-03
+548.25000E-03,+539.19597E-03,+383.16583E-03
+548.27500E-03,+595.47738E-03,+381.90954E-03
+548.30000E-03,+635.17587E-03,+381.90954E-03
+548.32500E-03,+667.33668E-03,+391.95979E-03
+548.35000E-03,+690.95477E-03,+420.85427E-03
+548.37500E-03,+707.53768E-03,+403.26633E-03
+548.40000E-03,+707.53768E-03,+402.01005E-03
+548.42500E-03,+707.53768E-03,+390.70351E-03
+548.45000E-03,+691.45728E-03,+381.90954E-03
+548.47500E-03,+675.37688E-03,+402.01005E-03
+548.50000E-03,+643.21607E-03,+402.01005E-03
+548.52500E-03,+611.55778E-03,+402.01005E-03
+548.55000E-03,+570.85427E-03,+400.75376E-03
+548.57500E-03,+514.57286E-03,+390.70351E-03
+548.60000E-03,+458.29145E-03,+402.01005E-03
+548.62500E-03,+405.52763E-03,+402.01005E-03
+548.65000E-03,+329.64824E-03,+402.01005E-03
+548.67500E-03,+265.32663E-03,+402.01005E-03
+548.70000E-03,+184.92462E-03,+381.90954E-03
+548.72500E-03,+116.08040E-03,+403.26633E-03
+548.75000E-03,+40.20100E-03,+402.01005E-03
+548.77500E-03,-32.16080E-03,+402.01005E-03
+548.80000E-03,-105.02512E-03,+400.75376E-03
+548.82500E-03,-180.90452E-03,+391.95979E-03
+548.85000E-03,-241.70854E-03,+402.01005E-03
+548.87500E-03,-309.54774E-03,+391.95979E-03
+548.90000E-03,-377.88944E-03,+402.01005E-03
+548.92500E-03,-426.63316E-03,+402.01005E-03
+548.95000E-03,-481.90954E-03,+402.01005E-03
+548.97500E-03,-518.59296E-03,+391.95979E-03
+549.00000E-03,-554.77386E-03,+402.01005E-03
+549.02500E-03,-582.91457E-03,+390.70351E-03
+549.05000E-03,-603.01507E-03,+381.90954E-03
+549.07500E-03,-619.09547E-03,+402.01005E-03
+549.10000E-03,-619.09547E-03,+420.85427E-03
+549.12500E-03,-619.09547E-03,+402.01005E-03
+549.15000E-03,-611.05527E-03,+381.90954E-03
+549.17500E-03,-594.97487E-03,+402.01005E-03
+549.20000E-03,-570.35175E-03,+400.75376E-03
+549.22500E-03,-534.17085E-03,+390.70351E-03
+549.25000E-03,-498.49246E-03,+402.01005E-03
+549.27500E-03,-453.76884E-03,+390.70351E-03
+549.30000E-03,-402.01005E-03,+402.01005E-03
+549.32500E-03,-353.76884E-03,+390.70351E-03
+549.35000E-03,-296.48241E-03,+400.75376E-03
+549.37500E-03,-236.68341E-03,+402.01005E-03
+549.40000E-03,-168.84422E-03,+400.75376E-03
+549.42500E-03,-108.04020E-03,+390.70351E-03
+549.45000E-03,-47.73869E-03,+381.90954E-03
+549.47500E-03,+11.55779E-03,+381.90954E-03
+549.50000E-03,+80.40201E-03,+402.01005E-03
+549.52500E-03,+140.70352E-03,+390.70351E-03
+549.55000E-03,+201.00502E-03,+381.90954E-03
+549.57500E-03,+257.28643E-03,+391.95979E-03
+549.60000E-03,+313.06532E-03,+381.90954E-03
+549.62500E-03,+357.78894E-03,+391.95979E-03
+549.65000E-03,+402.01005E-03,+420.85427E-03
+549.67500E-03,+434.17085E-03,+391.95979E-03
+549.70000E-03,+458.29145E-03,+402.01005E-03
+549.72500E-03,+494.47236E-03,+402.01005E-03
+549.75000E-03,+506.53266E-03,+381.90954E-03
+549.77500E-03,+522.61306E-03,+402.01005E-03
+549.80000E-03,+522.61306E-03,+381.90954E-03
+549.82500E-03,+522.61306E-03,+390.70351E-03
+549.85000E-03,+506.53266E-03,+402.01005E-03
+549.87500E-03,+493.96984E-03,+402.01005E-03
+549.90000E-03,+474.37185E-03,+400.75376E-03
+549.92500E-03,+446.23115E-03,+402.01005E-03
+549.95000E-03,+418.09045E-03,+402.01005E-03
+549.97500E-03,+381.40703E-03,+402.01005E-03
+550.00000E-03,+345.22613E-03,+381.90954E-03
+550.02500E-03,+289.44723E-03,+412.06030E-03
+550.05000E-03,+248.74372E-03,+402.01005E-03
+550.07500E-03,+192.96482E-03,+410.80402E-03
+550.10000E-03,+136.18090E-03,+402.01005E-03
+550.12500E-03,+83.91960E-03,+402.01005E-03
+550.15000E-03,+24.12060E-03,+402.01005E-03
+550.17500E-03,-28.14070E-03,+390.70351E-03
+550.20000E-03,-80.40201E-03,+402.01005E-03
+550.22500E-03,-136.68342E-03,+391.95979E-03
+550.25000E-03,-176.88442E-03,+402.01005E-03
+550.27500E-03,-229.14573E-03,+402.01005E-03
+550.30000E-03,-273.36683E-03,+400.75376E-03
+550.32500E-03,-313.56784E-03,+402.01005E-03
+550.35000E-03,-346.23115E-03,+402.01005E-03
+550.37500E-03,-385.92964E-03,+390.70351E-03
+550.40000E-03,-410.05025E-03,+381.90954E-03
+550.42500E-03,-430.15075E-03,+391.95979E-03
+550.45000E-03,-442.21105E-03,+402.01005E-03
+550.47500E-03,-450.25125E-03,+390.70351E-03
+550.50000E-03,-458.29145E-03,+402.01005E-03
+550.52500E-03,-450.25125E-03,+391.95979E-03
+550.55000E-03,-450.25125E-03,+402.01005E-03
+550.57500E-03,-438.19095E-03,+390.70351E-03
+550.60000E-03,-425.62814E-03,+402.01005E-03
+550.62500E-03,-397.48743E-03,+402.01005E-03
+550.65000E-03,-369.84924E-03,+402.01005E-03
+550.67500E-03,-337.68844E-03,+391.95979E-03
+550.70000E-03,-305.02512E-03,+422.11055E-03
+550.72500E-03,-257.28643E-03,+390.70351E-03
+550.75000E-03,-224.62311E-03,+402.01005E-03
+550.77500E-03,-176.88442E-03,+402.01005E-03
+550.80000E-03,-128.64321E-03,+381.90954E-03
+550.82500E-03,-75.87940E-03,+412.06030E-03
+550.85000E-03,-32.16080E-03,+381.90954E-03
+550.87500E-03,+12.06030E-03,+402.01005E-03
+550.90000E-03,+63.81909E-03,+402.01005E-03
+550.92500E-03,+96.48241E-03,+391.95979E-03
+550.95000E-03,+144.72362E-03,+402.01005E-03
+550.97500E-03,+188.94472E-03,+402.01005E-03
+551.00000E-03,+225.12563E-03,+381.90954E-03
+551.02500E-03,+261.30653E-03,+410.80402E-03
+551.05000E-03,+296.98492E-03,+402.01005E-03
+551.07500E-03,+314.07035E-03,+391.95979E-03
+551.10000E-03,+337.68844E-03,+400.75376E-03
+551.12500E-03,+357.78894E-03,+391.95979E-03
+551.15000E-03,+377.88944E-03,+381.90954E-03
+551.17500E-03,+385.92964E-03,+391.95979E-03
+551.20000E-03,+385.92964E-03,+420.85427E-03
+551.22500E-03,+377.88944E-03,+402.01005E-03
+551.25000E-03,+369.84924E-03,+402.01005E-03
+551.27500E-03,+369.84924E-03,+402.01005E-03
+551.30000E-03,+353.76884E-03,+402.01005E-03
+551.32500E-03,+333.16583E-03,+412.06030E-03
+551.35000E-03,+305.52763E-03,+400.75376E-03
+551.37500E-03,+273.36683E-03,+391.95979E-03
+551.40000E-03,+248.74372E-03,+402.01005E-03
+551.42500E-03,+212.56281E-03,+391.95979E-03
+551.45000E-03,+184.42211E-03,+381.90954E-03
+551.47500E-03,+140.20100E-03,+390.70351E-03
+551.50000E-03,+104.02010E-03,+381.90954E-03
+551.52500E-03,+64.32161E-03,+402.01005E-03
+551.55000E-03,+16.08040E-03,+381.90954E-03
+551.57500E-03,-16.08040E-03,+402.01005E-03
+551.60000E-03,-56.28141E-03,+381.90954E-03
+551.62500E-03,-96.48241E-03,+402.01005E-03
+551.65000E-03,-136.68342E-03,+402.01005E-03
+551.67500E-03,-172.86432E-03,+381.90954E-03
+551.70000E-03,-208.54271E-03,+420.85427E-03
+551.72500E-03,-233.16583E-03,+402.01005E-03
+551.75000E-03,-257.28643E-03,+381.90954E-03
+551.77500E-03,-281.40703E-03,+402.01005E-03
+551.80000E-03,-297.98995E-03,+402.01005E-03
+551.82500E-03,-317.58794E-03,+390.70351E-03
+551.85000E-03,-329.64824E-03,+419.59799E-03
+551.87500E-03,-337.68844E-03,+410.80402E-03
+551.90000E-03,-337.68844E-03,+381.90954E-03
+551.92500E-03,-337.68844E-03,+390.70351E-03
+551.95000E-03,-330.15075E-03,+400.75376E-03
+551.97500E-03,-325.62814E-03,+391.95979E-03
+552.00000E-03,-313.06532E-03,+402.01005E-03
+552.02500E-03,-292.96482E-03,+402.01005E-03
+552.05000E-03,-265.32663E-03,+419.59799E-03
+552.07500E-03,-252.76382E-03,+410.80402E-03
+552.10000E-03,-217.08542E-03,+381.90954E-03
+552.12500E-03,-191.95980E-03,+402.01005E-03
+552.15000E-03,-160.80402E-03,+381.90954E-03
+552.17500E-03,-132.16080E-03,+381.90954E-03
+552.20000E-03,-103.51759E-03,+400.75376E-03
+552.22500E-03,-59.79899E-03,+402.01005E-03
+552.25000E-03,-24.12060E-03,+381.90954E-03
+552.27500E-03,+8.04020E-03,+412.06030E-03
+552.30000E-03,+32.16080E-03,+400.75376E-03
+552.32500E-03,+72.36181E-03,+402.01005E-03
+552.35000E-03,+104.52261E-03,+381.90954E-03
+552.37500E-03,+136.68342E-03,+391.95979E-03
+552.40000E-03,+168.84422E-03,+400.75376E-03
+552.42500E-03,+184.92462E-03,+402.01005E-03
+552.45000E-03,+209.54774E-03,+402.01005E-03
+552.47500E-03,+233.16583E-03,+402.01005E-03
+552.50000E-03,+249.24623E-03,+402.01005E-03
+552.52500E-03,+257.28643E-03,+402.01005E-03
+552.55000E-03,+273.36683E-03,+381.90954E-03
+552.57500E-03,+285.42713E-03,+391.95979E-03
+552.60000E-03,+288.94472E-03,+400.75376E-03
+552.62500E-03,+273.36683E-03,+402.01005E-03
+552.65000E-03,+273.36683E-03,+402.01005E-03
+552.67500E-03,+268.84422E-03,+402.01005E-03
+552.70000E-03,+257.28643E-03,+402.01005E-03
+552.72500E-03,+241.20603E-03,+403.26633E-03
+552.75000E-03,+224.62311E-03,+400.75376E-03
+552.77500E-03,+205.02512E-03,+402.01005E-03
+552.80000E-03,+184.42211E-03,+402.01005E-03
+552.82500E-03,+156.28141E-03,+412.06030E-03
+552.85000E-03,+128.64321E-03,+400.75376E-03
+552.87500E-03,+100.00000E-03,+391.95979E-03
+552.90000E-03,+72.36181E-03,+402.01005E-03
+552.92500E-03,+40.20100E-03,+402.01005E-03
+552.95000E-03,+8.04020E-03,+400.75376E-03
+552.97500E-03,-20.10050E-03,+402.01005E-03
+553.00000E-03,-40.20100E-03,+381.90954E-03
+553.02500E-03,-72.36181E-03,+412.06030E-03
+553.05000E-03,-104.52261E-03,+383.16583E-03
+553.07500E-03,-128.64321E-03,+390.70351E-03
+553.10000E-03,-152.76382E-03,+402.01005E-03
+553.12500E-03,-172.86432E-03,+390.70351E-03
+553.15000E-03,-192.96482E-03,+381.90954E-03
+553.17500E-03,-209.04522E-03,+381.90954E-03
+553.20000E-03,-225.12563E-03,+381.90954E-03
+553.22500E-03,-233.16583E-03,+402.01005E-03
+553.25000E-03,-240.70352E-03,+402.01005E-03
+553.27500E-03,-249.24623E-03,+391.95979E-03
+553.30000E-03,-249.24623E-03,+402.01005E-03
+553.32500E-03,-249.24623E-03,+402.01005E-03
+553.35000E-03,-248.74372E-03,+400.75376E-03
+553.37500E-03,-237.18593E-03,+391.95979E-03
+553.40000E-03,-233.16583E-03,+402.01005E-03
+553.42500E-03,-217.08542E-03,+381.90954E-03
+553.45000E-03,-208.04020E-03,+381.90954E-03
+553.47500E-03,-184.92462E-03,+402.01005E-03
+553.50000E-03,-168.34171E-03,+381.90954E-03
+553.52500E-03,-140.20100E-03,+381.90954E-03
+553.55000E-03,-120.10050E-03,+402.01005E-03
+553.57500E-03,-100.00000E-03,+391.95979E-03
+553.60000E-03,-79.89950E-03,+402.01005E-03
+553.62500E-03,-44.22111E-03,+402.01005E-03
+553.65000E-03,-16.08040E-03,+381.90954E-03
+553.67500E-03,+0.0E+00,+391.95979E-03
+553.70000E-03,+32.16080E-03,+381.90954E-03
+553.72500E-03,+52.26131E-03,+381.90954E-03
+553.75000E-03,+80.40201E-03,+402.01005E-03
+553.77500E-03,+96.48241E-03,+412.06030E-03
+553.80000E-03,+120.60301E-03,+400.75376E-03
+553.82500E-03,+132.16080E-03,+390.70351E-03
+553.85000E-03,+152.76382E-03,+402.01005E-03
+553.87500E-03,+168.84422E-03,+402.01005E-03
+553.90000E-03,+184.42211E-03,+400.75376E-03
+553.92500E-03,+192.96482E-03,+402.01005E-03
+553.95000E-03,+192.96482E-03,+381.90954E-03
+553.97500E-03,+201.00502E-03,+391.95979E-03
+554.00000E-03,+201.00502E-03,+402.01005E-03
+554.02500E-03,+205.02512E-03,+390.70351E-03
+554.05000E-03,+201.00502E-03,+381.90954E-03
+554.07500E-03,+192.96482E-03,+391.95979E-03
+554.10000E-03,+184.92462E-03,+381.90954E-03
+554.12500E-03,+168.84422E-03,+391.95979E-03
+554.15000E-03,+160.80402E-03,+381.90954E-03
+554.17500E-03,+152.76382E-03,+402.01005E-03
+554.20000E-03,+128.64321E-03,+402.01005E-03
+554.22500E-03,+116.08040E-03,+390.70351E-03
+554.25000E-03,+96.48241E-03,+402.01005E-03
+554.27500E-03,+72.36181E-03,+391.95979E-03
+554.30000E-03,+56.28141E-03,+402.01005E-03
+554.32500E-03,+32.16080E-03,+402.01005E-03
+554.35000E-03,+15.57789E-03,+402.01005E-03
+554.37500E-03,-11.55779E-03,+402.01005E-03
+554.40000E-03,-24.12060E-03,+381.90954E-03
+554.42500E-03,-51.75879E-03,+391.95979E-03
+554.45000E-03,-79.39698E-03,+400.75376E-03
+554.47500E-03,-91.95980E-03,+410.80402E-03
+554.50000E-03,-104.52261E-03,+400.75376E-03
+554.52500E-03,-124.62311E-03,+381.90954E-03
+554.55000E-03,-136.68342E-03,+381.90954E-03
+554.57500E-03,-156.78392E-03,+410.80402E-03
+554.60000E-03,-168.34171E-03,+400.75376E-03
+554.62500E-03,-176.88442E-03,+402.01005E-03
+554.65000E-03,-176.88442E-03,+381.90954E-03
+554.67500E-03,-184.92462E-03,+391.95979E-03
+554.70000E-03,-184.92462E-03,+419.59799E-03
+554.72500E-03,-180.90452E-03,+410.80402E-03
+554.75000E-03,-176.88442E-03,+402.01005E-03
+554.77500E-03,-176.88442E-03,+391.95979E-03
+554.80000E-03,-168.84422E-03,+402.01005E-03
+554.82500E-03,-164.32161E-03,+402.01005E-03
+554.85000E-03,-152.26130E-03,+381.90954E-03
+554.87500E-03,-136.68342E-03,+390.70351E-03
+554.90000E-03,-120.60301E-03,+402.01005E-03
+554.92500E-03,-108.04020E-03,+381.90954E-03
+554.95000E-03,-95.97990E-03,+402.01005E-03
+554.97500E-03,-72.36181E-03,+402.01005E-03
+555.00000E-03,-56.28141E-03,+381.90954E-03
+555.02500E-03,-36.18090E-03,+381.90954E-03
+555.05000E-03,-16.08040E-03,+402.01005E-03
+555.07500E-03,+4.02010E-03,+391.95979E-03
+555.10000E-03,+16.08040E-03,+402.01005E-03
+555.12500E-03,+32.16080E-03,+381.90954E-03
+555.15000E-03,+56.28141E-03,+402.01005E-03
+555.17500E-03,+67.83920E-03,+402.01005E-03
+555.20000E-03,+88.44221E-03,+402.01005E-03
+555.22500E-03,+100.00000E-03,+381.90954E-03
+555.25000E-03,+104.52261E-03,+381.90954E-03
+555.27500E-03,+120.60301E-03,+391.95979E-03
+555.30000E-03,+128.64321E-03,+400.75376E-03
+555.32500E-03,+136.68342E-03,+381.90954E-03
+555.35000E-03,+144.72362E-03,+381.90954E-03
+555.37500E-03,+148.74372E-03,+390.70351E-03
+555.40000E-03,+152.26130E-03,+381.90954E-03
+555.42500E-03,+152.76382E-03,+410.80402E-03
+555.45000E-03,+152.26130E-03,+400.75376E-03
+555.47500E-03,+145.22613E-03,+412.06030E-03
+555.50000E-03,+136.68342E-03,+381.90954E-03
+555.52500E-03,+128.64321E-03,+390.70351E-03
+555.55000E-03,+119.59799E-03,+402.01005E-03
+555.57500E-03,+108.04020E-03,+399.49748E-03
+555.60000E-03,+96.48241E-03,+400.75376E-03
+555.62500E-03,+80.40201E-03,+399.49748E-03
+555.65000E-03,+71.85930E-03,+402.01005E-03
+555.67500E-03,+48.24121E-03,+412.06030E-03
+555.70000E-03,+40.20100E-03,+381.90954E-03
+555.72500E-03,+24.12060E-03,+412.06030E-03
+555.75000E-03,+7.53769E-03,+381.90954E-03
+555.77500E-03,-12.06030E-03,+390.70351E-03
+555.80000E-03,-24.12060E-03,+400.75376E-03
+555.82500E-03,-36.18090E-03,+402.01005E-03
+555.85000E-03,-56.28141E-03,+402.01005E-03
+555.87500E-03,-63.31658E-03,+390.70351E-03
+555.90000E-03,-87.93970E-03,+381.90954E-03
+555.92500E-03,-96.48241E-03,+390.70351E-03
+555.95000E-03,-104.02010E-03,+400.75376E-03
+555.97500E-03,-116.58291E-03,+391.95979E-03
+556.00000E-03,-128.14070E-03,+381.90954E-03
+556.02500E-03,-128.64321E-03,+391.95979E-03
+556.05000E-03,-136.68342E-03,+383.16583E-03
+556.07500E-03,-136.68342E-03,+403.26633E-03
+556.10000E-03,-136.68342E-03,+381.90954E-03
+556.12500E-03,-132.66332E-03,+410.80402E-03
+556.15000E-03,-136.18090E-03,+400.75376E-03
+556.17500E-03,-128.64321E-03,+402.01005E-03
+556.20000E-03,-135.67839E-03,+381.90954E-03
+556.22500E-03,-120.60301E-03,+402.01005E-03
+556.25000E-03,-112.56281E-03,+400.75376E-03
+556.27500E-03,-104.52261E-03,+402.01005E-03
+556.30000E-03,-88.44221E-03,+381.90954E-03
+556.32500E-03,-75.87940E-03,+403.26633E-03
+556.35000E-03,-64.32161E-03,+383.16583E-03
+556.37500E-03,-51.75879E-03,+381.90954E-03
+556.40000E-03,-40.20100E-03,+402.01005E-03
+556.42500E-03,-32.16080E-03,+390.70351E-03
+556.45000E-03,-16.08040E-03,+402.01005E-03
+556.47500E-03,-4.02010E-03,+390.70351E-03
+556.50000E-03,+8.04020E-03,+402.01005E-03
+556.52500E-03,+24.12060E-03,+399.49748E-03
+556.55000E-03,+48.24121E-03,+399.49748E-03
+556.57500E-03,+52.26131E-03,+390.70351E-03
+556.60000E-03,+63.81909E-03,+402.01005E-03
+556.62500E-03,+68.34171E-03,+381.90954E-03
+556.65000E-03,+88.44221E-03,+400.75376E-03
+556.67500E-03,+91.95980E-03,+390.70351E-03
+556.70000E-03,+96.48241E-03,+381.90954E-03
+556.72500E-03,+108.04020E-03,+391.95979E-03
+556.75000E-03,+104.52261E-03,+381.90954E-03
+556.77500E-03,+108.04020E-03,+402.01005E-03
+556.80000E-03,+112.56281E-03,+381.90954E-03
+556.82500E-03,+108.54271E-03,+412.06030E-03
+556.85000E-03,+112.06030E-03,+402.01005E-03
+556.87500E-03,+100.00000E-03,+390.70351E-03
+556.90000E-03,+96.48241E-03,+381.90954E-03
+556.92500E-03,+96.48241E-03,+391.95979E-03
+556.95000E-03,+88.44221E-03,+400.75376E-03
+556.97500E-03,+80.40201E-03,+390.70351E-03
+557.00000E-03,+64.32161E-03,+402.01005E-03
+557.02500E-03,+60.30151E-03,+402.01005E-03
+557.05000E-03,+55.77889E-03,+400.75376E-03
+557.07500E-03,+40.20100E-03,+391.95979E-03
+557.10000E-03,+32.16080E-03,+400.75376E-03
+557.12500E-03,+16.08040E-03,+391.95979E-03
+557.15000E-03,+0.0E+00,+402.01005E-03
+557.17500E-03,-8.04020E-03,+402.01005E-03
+557.20000E-03,-16.08040E-03,+400.75376E-03
+557.22500E-03,-28.14070E-03,+402.01005E-03
+557.25000E-03,-47.73869E-03,+402.01005E-03
+557.27500E-03,-51.75879E-03,+402.01005E-03
+557.30000E-03,-56.28141E-03,+420.85427E-03
+557.32500E-03,-72.36181E-03,+402.01005E-03
+557.35000E-03,-80.40201E-03,+381.90954E-03
+557.37500E-03,-83.91960E-03,+391.95979E-03
+557.40000E-03,-95.97990E-03,+402.01005E-03
+557.42500E-03,-96.48241E-03,+402.01005E-03
+557.45000E-03,-96.48241E-03,+381.90954E-03
+557.47500E-03,-100.50251E-03,+391.95979E-03
+557.50000E-03,-104.52261E-03,+402.01005E-03
+557.52500E-03,-96.48241E-03,+381.90954E-03
+557.55000E-03,-104.02010E-03,+402.01005E-03
+557.57500E-03,-96.48241E-03,+402.01005E-03
+557.60000E-03,-88.44221E-03,+400.75376E-03
+557.62500E-03,-88.44221E-03,+402.01005E-03
+557.65000E-03,-87.93970E-03,+402.01005E-03
+557.67500E-03,-80.40201E-03,+402.01005E-03
+557.70000E-03,-64.32161E-03,+402.01005E-03
+557.72500E-03,-60.30151E-03,+390.70351E-03
+557.75000E-03,-55.77889E-03,+400.75376E-03
+557.77500E-03,-40.20100E-03,+390.70351E-03
+557.80000E-03,-39.19598E-03,+381.90954E-03
+557.82500E-03,-24.12060E-03,+391.95979E-03
+557.85000E-03,-8.04020E-03,+402.01005E-03
+557.87500E-03,-4.02010E-03,+390.70351E-03
+557.90000E-03,+8.04020E-03,+381.90954E-03
+557.92500E-03,+16.08040E-03,+390.70351E-03
+557.95000E-03,+24.12060E-03,+381.90954E-03
+557.97500E-03,+35.67839E-03,+390.70351E-03
+558.00000E-03,+55.77889E-03,+381.90954E-03
+558.02500E-03,+44.22111E-03,+402.01005E-03
+558.05000E-03,+63.81909E-03,+381.90954E-03
+558.07500E-03,+64.32161E-03,+391.95979E-03
+558.10000E-03,+64.32161E-03,+400.75376E-03
+558.12500E-03,+72.36181E-03,+390.70351E-03
+558.15000E-03,+79.89950E-03,+381.90954E-03
+558.17500E-03,+80.40201E-03,+402.01005E-03
+558.20000E-03,+80.40201E-03,+381.90954E-03
+558.22500E-03,+80.40201E-03,+391.95979E-03
+558.25000E-03,+72.36181E-03,+402.01005E-03
+558.27500E-03,+71.35678E-03,+381.90954E-03
+558.30000E-03,+72.36181E-03,+402.01005E-03
+558.32500E-03,+64.32161E-03,+402.01005E-03
+558.35000E-03,+64.32161E-03,+400.75376E-03
+558.37500E-03,+56.28141E-03,+381.90954E-03
+558.40000E-03,+55.77889E-03,+400.75376E-03
+558.42500E-03,+40.20100E-03,+402.01005E-03
+558.45000E-03,+32.16080E-03,+402.01005E-03
+558.47500E-03,+32.16080E-03,+402.01005E-03
+558.50000E-03,+16.08040E-03,+400.75376E-03
+558.52500E-03,+8.04020E-03,+391.95979E-03
+558.55000E-03,-7.53769E-03,+402.01005E-03
+558.57500E-03,-8.54271E-03,+412.06030E-03
+558.60000E-03,-16.08040E-03,+402.01005E-03
+558.62500E-03,-24.12060E-03,+402.01005E-03
+558.65000E-03,-32.16080E-03,+381.90954E-03
+558.67500E-03,-40.20100E-03,+391.95979E-03
+558.70000E-03,-48.24121E-03,+402.01005E-03
+558.72500E-03,-52.26131E-03,+390.70351E-03
+558.75000E-03,-63.81909E-03,+420.85427E-03
+558.77500E-03,-60.30151E-03,+390.70351E-03
+558.80000E-03,-64.32161E-03,+402.01005E-03
+558.82500E-03,-68.34171E-03,+390.70351E-03
+558.85000E-03,-72.36181E-03,+400.75376E-03
+558.87500E-03,-80.40201E-03,+402.01005E-03
+558.90000E-03,-80.40201E-03,+400.75376E-03
+558.92500E-03,-76.38191E-03,+391.95979E-03
+558.95000E-03,-72.36181E-03,+402.01005E-03
+558.97500E-03,-72.36181E-03,+402.01005E-03
+559.00000E-03,-72.36181E-03,+400.75376E-03
+559.02500E-03,-68.34171E-03,+402.01005E-03
+559.05000E-03,-56.28141E-03,+420.85427E-03
+559.07500E-03,-56.28141E-03,+402.01005E-03
+559.10000E-03,-56.28141E-03,+419.59799E-03
+559.12500E-03,-43.71859E-03,+390.70351E-03
+559.15000E-03,-40.20100E-03,+402.01005E-03
+559.17500E-03,-31.15578E-03,+402.01005E-03
+559.20000E-03,-23.61809E-03,+422.11055E-03
+559.22500E-03,-16.08040E-03,+390.70351E-03
+559.25000E-03,-8.04020E-03,+400.75376E-03
+559.27500E-03,-3.51759E-03,+381.90954E-03
+559.30000E-03,+8.04020E-03,+400.75376E-03
+559.32500E-03,+16.08040E-03,+402.01005E-03
+559.35000E-03,+16.08040E-03,+400.75376E-03
+559.37500E-03,+24.62312E-03,+391.95979E-03
+559.40000E-03,+32.16080E-03,+402.01005E-03
+559.42500E-03,+35.67839E-03,+390.70351E-03
+559.45000E-03,+40.20100E-03,+383.16583E-03
+559.47500E-03,+47.23618E-03,+402.01005E-03
+559.50000E-03,+48.24121E-03,+402.01005E-03
+559.52500E-03,+52.26131E-03,+402.01005E-03
+559.55000E-03,+56.28141E-03,+400.75376E-03
+559.57500E-03,+56.28141E-03,+402.01005E-03
+559.60000E-03,+56.28141E-03,+400.75376E-03
+559.62500E-03,+59.79899E-03,+390.70351E-03
+559.65000E-03,+48.24121E-03,+400.75376E-03
+559.67500E-03,+56.28141E-03,+390.70351E-03
+559.70000E-03,+55.77889E-03,+402.01005E-03
+559.72500E-03,+51.75879E-03,+402.01005E-03
+559.75000E-03,+47.73869E-03,+402.01005E-03
+559.77500E-03,+32.16080E-03,+391.95979E-03
+559.80000E-03,+32.16080E-03,+381.90954E-03
+559.82500E-03,+24.12060E-03,+402.01005E-03
+559.85000E-03,+23.61809E-03,+402.01005E-03
+559.87500E-03,+16.08040E-03,+402.01005E-03
+559.90000E-03,+15.57789E-03,+381.90954E-03
+559.92500E-03,+8.04020E-03,+391.95979E-03
+559.95000E-03,+0.0E+00,+381.90954E-03
+559.97500E-03,-8.04020E-03,+402.01005E-03
+560.00000E-03,-16.08040E-03,+402.01005E-03
+560.02500E-03,-20.10050E-03,+381.90954E-03
+560.05000E-03,-24.12060E-03,+402.01005E-03
+560.07500E-03,-28.14070E-03,+402.01005E-03
+560.10000E-03,-39.69849E-03,+363.06532E-03
+560.12500E-03,-36.18090E-03,+390.70351E-03
+560.15000E-03,-48.24121E-03,+402.01005E-03
+560.17500E-03,-48.24121E-03,+402.01005E-03
+560.20000E-03,-48.24121E-03,+402.01005E-03
+560.22500E-03,-59.79899E-03,+391.95979E-03
+560.25000E-03,-56.28141E-03,+400.75376E-03
+560.27500E-03,-56.28141E-03,+391.95979E-03
+560.30000E-03,-56.28141E-03,+381.90954E-03
+560.32500E-03,-59.79899E-03,+381.90954E-03
+560.35000E-03,-56.28141E-03,+402.01005E-03
+560.37500E-03,-51.75879E-03,+402.01005E-03
+560.40000E-03,-48.24121E-03,+402.01005E-03
+560.42500E-03,-48.24121E-03,+390.70351E-03
+560.45000E-03,-47.73869E-03,+400.75376E-03
+560.47500E-03,-40.20100E-03,+381.90954E-03
+560.50000E-03,-40.20100E-03,+381.90954E-03
+560.52500E-03,-36.18090E-03,+390.70351E-03
+560.55000E-03,-32.16080E-03,+402.01005E-03
+560.57500E-03,-24.12060E-03,+402.01005E-03
+560.60000E-03,-16.08040E-03,+381.90954E-03
+560.62500E-03,-16.08040E-03,+391.95979E-03
+560.65000E-03,-8.04020E-03,+402.01005E-03
+560.67500E-03,-8.04020E-03,+402.01005E-03
+560.70000E-03,+0.0E+00,+400.75376E-03
+560.72500E-03,+3.51759E-03,+391.95979E-03
+560.75000E-03,+15.57789E-03,+400.75376E-03
+560.77500E-03,+15.07538E-03,+390.70351E-03
+560.80000E-03,+16.08040E-03,+381.90954E-03
+560.82500E-03,+28.14070E-03,+391.95979E-03
+560.85000E-03,+32.16080E-03,+419.59799E-03
+560.87500E-03,+32.16080E-03,+402.01005E-03
+560.90000E-03,+40.20100E-03,+402.01005E-03
+560.92500E-03,+40.20100E-03,+410.80402E-03
+560.95000E-03,+40.20100E-03,+381.90954E-03
+560.97500E-03,+40.20100E-03,+381.90954E-03
+561.00000E-03,+40.20100E-03,+400.75376E-03
+561.02500E-03,+35.67839E-03,+390.70351E-03
+561.05000E-03,+40.20100E-03,+400.75376E-03
+561.07500E-03,+40.20100E-03,+402.01005E-03
+561.10000E-03,+32.16080E-03,+420.85427E-03
+561.12500E-03,+32.16080E-03,+390.70351E-03
+561.15000E-03,+32.16080E-03,+381.90954E-03
+561.17500E-03,+27.63819E-03,+381.90954E-03
+561.20000E-03,+24.12060E-03,+400.75376E-03
+561.22500E-03,+19.59799E-03,+391.95979E-03
+561.25000E-03,+16.08040E-03,+381.90954E-03
+561.27500E-03,+16.08040E-03,+402.01005E-03
+561.30000E-03,+8.04020E-03,+381.90954E-03
+561.32500E-03,+0.0E+00,+390.70351E-03
+561.35000E-03,+0.0E+00,+402.01005E-03
+561.37500E-03,-8.04020E-03,+402.01005E-03
+561.40000E-03,-8.04020E-03,+402.01005E-03
+561.42500E-03,-20.10050E-03,+390.70351E-03
+561.45000E-03,-24.12060E-03,+400.75376E-03
+561.47500E-03,-20.10050E-03,+390.70351E-03
+561.50000E-03,-24.12060E-03,+383.16583E-03
+561.52500E-03,-28.14070E-03,+402.01005E-03
+561.55000E-03,-39.69849E-03,+420.85427E-03
+561.57500E-03,-31.15578E-03,+390.70351E-03
+561.60000E-03,-40.20100E-03,+381.90954E-03
+561.62500E-03,-36.18090E-03,+391.95979E-03
+561.65000E-03,-47.23618E-03,+402.01005E-03
+561.67500E-03,-40.20100E-03,+390.70351E-03
+561.70000E-03,-48.24121E-03,+381.90954E-03
+561.72500E-03,-43.71859E-03,+381.90954E-03
+561.75000E-03,-40.20100E-03,+402.01005E-03
+561.77500E-03,-36.18090E-03,+402.01005E-03
+561.80000E-03,-40.20100E-03,+420.85427E-03
+561.82500E-03,-32.16080E-03,+402.01005E-03
+561.85000E-03,-32.16080E-03,+402.01005E-03
+561.87500E-03,-32.16080E-03,+402.01005E-03
+561.90000E-03,-23.61809E-03,+400.75376E-03
+561.92500E-03,-28.14070E-03,+402.01005E-03
+561.95000E-03,-24.12060E-03,+402.01005E-03
+561.97500E-03,-20.10050E-03,+391.95979E-03
+562.00000E-03,-16.08040E-03,+402.01005E-03
+562.02500E-03,-11.55779E-03,+402.01005E-03
+562.05000E-03,-15.57789E-03,+402.01005E-03
+562.07500E-03,+0.0E+00,+402.01005E-03
+562.10000E-03,-7.53769E-03,+381.90954E-03
+562.12500E-03,+4.02010E-03,+381.90954E-03
+562.15000E-03,+8.04020E-03,+420.85427E-03
+562.17500E-03,+12.06030E-03,+391.95979E-03
+562.20000E-03,+8.04020E-03,+400.75376E-03
+562.22500E-03,+16.08040E-03,+390.70351E-03
+562.25000E-03,+16.08040E-03,+402.01005E-03
+562.27500E-03,+16.08040E-03,+402.01005E-03
+562.30000E-03,+23.61809E-03,+402.01005E-03
+562.32500E-03,+32.16080E-03,+381.90954E-03
+562.35000E-03,+24.12060E-03,+381.90954E-03
+562.37500E-03,+24.12060E-03,+412.06030E-03
+562.40000E-03,+24.12060E-03,+381.90954E-03
+562.42500E-03,+32.16080E-03,+402.01005E-03
+562.45000E-03,+32.16080E-03,+402.01005E-03
+562.47500E-03,+24.12060E-03,+391.95979E-03
+562.50000E-03,+24.12060E-03,+402.01005E-03
+562.52500E-03,+28.14070E-03,+402.01005E-03
+562.55000E-03,+16.08040E-03,+402.01005E-03
+562.57500E-03,+16.08040E-03,+381.90954E-03
+562.60000E-03,+15.57789E-03,+400.75376E-03
+562.62500E-03,+16.08040E-03,+402.01005E-03
+562.65000E-03,+8.04020E-03,+402.01005E-03
+562.67500E-03,+4.02010E-03,+402.01005E-03
+562.70000E-03,+7.53769E-03,+400.75376E-03
+562.72500E-03,+0.0E+00,+410.80402E-03
+562.75000E-03,+0.0E+00,+402.01005E-03
+562.77500E-03,-3.51759E-03,+390.70351E-03
+562.80000E-03,-8.04020E-03,+402.01005E-03
+562.82500E-03,-16.08040E-03,+391.95979E-03
+562.85000E-03,-16.08040E-03,+381.90954E-03
+562.87500E-03,-24.12060E-03,+402.01005E-03
+562.90000E-03,-23.61809E-03,+381.90954E-03
+562.92500E-03,-24.12060E-03,+403.26633E-03
+562.95000E-03,-31.65829E-03,+381.90954E-03
+562.97500E-03,-32.16080E-03,+402.01005E-03
+563.00000E-03,-31.65829E-03,+400.75376E-03
+563.02500E-03,-32.16080E-03,+390.70351E-03
+563.05000E-03,-32.16080E-03,+381.90954E-03
+563.07500E-03,-32.16080E-03,+402.01005E-03
+563.10000E-03,-31.65829E-03,+402.01005E-03
+563.12500E-03,-40.20100E-03,+391.95979E-03
+563.15000E-03,-32.16080E-03,+402.01005E-03
+563.17500E-03,-24.12060E-03,+381.90954E-03
+563.20000E-03,-32.16080E-03,+381.90954E-03
+563.22500E-03,-32.16080E-03,+390.70351E-03
+563.25000E-03,-16.58291E-03,+402.01005E-03
+563.27500E-03,-24.12060E-03,+381.90954E-03
+563.30000E-03,-24.12060E-03,+381.90954E-03
+563.32500E-03,-16.08040E-03,+390.70351E-03
+563.35000E-03,-16.08040E-03,+402.01005E-03
+563.37500E-03,-11.55779E-03,+391.95979E-03
+563.40000E-03,-8.04020E-03,+402.01005E-03
+563.42500E-03,-11.55779E-03,+391.95979E-03
+563.45000E-03,-7.53769E-03,+381.90954E-03
+563.47500E-03,-4.02010E-03,+402.01005E-03
+563.50000E-03,+0.0E+00,+381.90954E-03
+563.52500E-03,+0.0E+00,+410.80402E-03
+563.55000E-03,+0.0E+00,+381.90954E-03
+563.57500E-03,+8.54271E-03,+402.01005E-03
+563.60000E-03,+7.53769E-03,+402.01005E-03
+563.62500E-03,+11.55779E-03,+381.90954E-03
+563.65000E-03,+15.57789E-03,+400.75376E-03
+563.67500E-03,+16.08040E-03,+412.06030E-03
+563.70000E-03,+16.08040E-03,+400.75376E-03
+563.72500E-03,+19.59799E-03,+410.80402E-03
+563.75000E-03,+23.61809E-03,+402.01005E-03
+563.77500E-03,+19.59799E-03,+412.06030E-03
+563.80000E-03,+24.12060E-03,+402.01005E-03
+563.82500E-03,+16.08040E-03,+402.01005E-03
+563.85000E-03,+16.08040E-03,+402.01005E-03
+563.87500E-03,+16.08040E-03,+410.80402E-03
+563.90000E-03,+16.08040E-03,+400.75376E-03
+563.92500E-03,+19.59799E-03,+402.01005E-03
+563.95000E-03,+16.08040E-03,+381.90954E-03
+563.97500E-03,+11.55779E-03,+391.95979E-03
+564.00000E-03,+16.08040E-03,+381.90954E-03
+564.02500E-03,+7.03518E-03,+402.01005E-03
+564.05000E-03,+8.04020E-03,+381.90954E-03
+564.07500E-03,+0.0E+00,+402.01005E-03
+564.10000E-03,+0.0E+00,+402.01005E-03
+564.12500E-03,+0.0E+00,+412.06030E-03
+564.15000E-03,-8.04020E-03,+400.75376E-03
+564.17500E-03,-8.04020E-03,+403.26633E-03
+564.20000E-03,+0.0E+00,+400.75376E-03
+564.22500E-03,-8.04020E-03,+381.90954E-03
+564.25000E-03,-8.04020E-03,+381.90954E-03
+564.27500E-03,-11.55779E-03,+391.95979E-03
+564.30000E-03,-16.08040E-03,+402.01005E-03
+564.32500E-03,-16.08040E-03,+402.01005E-03
+564.35000E-03,-23.61809E-03,+381.90954E-03
+564.37500E-03,-24.12060E-03,+381.90954E-03
+564.40000E-03,-24.12060E-03,+381.90954E-03
+564.42500E-03,-24.12060E-03,+381.90954E-03
+564.45000E-03,-24.12060E-03,+402.01005E-03
+564.47500E-03,-27.63819E-03,+412.06030E-03
+564.50000E-03,-32.16080E-03,+381.90954E-03
+564.52500E-03,-24.12060E-03,+402.01005E-03
+564.55000E-03,-24.12060E-03,+381.90954E-03
+564.57500E-03,-19.59799E-03,+402.01005E-03
+564.60000E-03,-24.12060E-03,+402.01005E-03
+564.62500E-03,-27.63819E-03,+390.70351E-03
+564.65000E-03,-24.12060E-03,+402.01005E-03
+564.67500E-03,-20.10050E-03,+391.95979E-03
+564.70000E-03,-23.61809E-03,+402.01005E-03
+564.72500E-03,-19.59799E-03,+402.01005E-03
+564.75000E-03,-16.08040E-03,+381.90954E-03
+564.77500E-03,-11.55779E-03,+402.01005E-03
+564.80000E-03,-8.04020E-03,+400.75376E-03
+564.82500E-03,-12.06030E-03,+390.70351E-03
+564.85000E-03,-15.07538E-03,+402.01005E-03
+564.87500E-03,+0.0E+00,+391.95979E-03
+564.90000E-03,+0.0E+00,+400.75376E-03
+564.92500E-03,-3.51759E-03,+391.95979E-03
+564.95000E-03,+0.0E+00,+400.75376E-03
+564.97500E-03,+0.0E+00,+390.70351E-03
+565.00000E-03,+8.04020E-03,+400.75376E-03
+565.02500E-03,+12.06030E-03,+381.90954E-03
+565.05000E-03,+8.04020E-03,+381.90954E-03
+565.07500E-03,+8.04020E-03,+391.95979E-03
+565.10000E-03,+8.04020E-03,+381.90954E-03
+565.12500E-03,+11.55779E-03,+402.01005E-03
+565.15000E-03,+16.08040E-03,+400.75376E-03
+565.17500E-03,+8.04020E-03,+381.90954E-03
+565.20000E-03,+16.08040E-03,+420.85427E-03
+565.22500E-03,+12.06030E-03,+391.95979E-03
+565.25000E-03,+8.04020E-03,+400.75376E-03
+565.27500E-03,+11.55779E-03,+390.70351E-03
+565.30000E-03,+8.04020E-03,+402.01005E-03
+565.32500E-03,+11.55779E-03,+399.49748E-03
+565.35000E-03,+8.04020E-03,+402.01005E-03
+565.37500E-03,+8.04020E-03,+390.70351E-03
+565.40000E-03,+8.04020E-03,+420.85427E-03
+565.42500E-03,+4.02010E-03,+391.95979E-03
+565.45000E-03,+7.53769E-03,+381.90954E-03
+565.47500E-03,+3.51759E-03,+391.95979E-03
+565.50000E-03,+0.0E+00,+381.90954E-03
+565.52500E-03,+0.0E+00,+402.01005E-03
+565.55000E-03,+0.0E+00,+402.01005E-03
+565.57500E-03,-4.02010E-03,+399.49748E-03
+565.60000E-03,-8.04020E-03,+400.75376E-03
+565.62500E-03,-3.51759E-03,+402.01005E-03
+565.65000E-03,-8.04020E-03,+402.01005E-03
+565.67500E-03,-16.08040E-03,+381.90954E-03
+565.70000E-03,-16.08040E-03,+402.01005E-03
+565.72500E-03,-16.08040E-03,+391.95979E-03
+565.75000E-03,-23.61809E-03,+381.90954E-03
+565.77500E-03,-16.08040E-03,+390.70351E-03
+565.80000E-03,-16.08040E-03,+402.01005E-03
+565.82500E-03,-24.12060E-03,+402.01005E-03
+565.85000E-03,-24.12060E-03,+381.90954E-03
+565.87500E-03,-19.59799E-03,+391.95979E-03
+565.90000E-03,-16.08040E-03,+400.75376E-03
+565.92500E-03,-16.08040E-03,+402.01005E-03
+565.95000E-03,-15.57789E-03,+402.01005E-03
+565.97500E-03,-19.59799E-03,+391.95979E-03
+566.00000E-03,-16.08040E-03,+381.90954E-03
+566.02500E-03,-20.10050E-03,+402.01005E-03
+566.05000E-03,-16.08040E-03,+420.85427E-03
+566.07500E-03,-19.59799E-03,+402.01005E-03
+566.10000E-03,-15.57789E-03,+402.01005E-03
+566.12500E-03,-16.08040E-03,+390.70351E-03
+566.15000E-03,-15.57789E-03,+381.90954E-03
+566.17500E-03,-16.08040E-03,+402.01005E-03
+566.20000E-03,-15.57789E-03,+381.90954E-03
+566.22500E-03,-11.55779E-03,+391.95979E-03
+566.25000E-03,-8.04020E-03,+402.01005E-03
+566.27500E-03,-3.51759E-03,+390.70351E-03
+566.30000E-03,-7.53769E-03,+400.75376E-03
+566.32500E-03,+3.51759E-03,+390.70351E-03
+566.35000E-03,+0.0E+00,+381.90954E-03
+566.37500E-03,+3.51759E-03,+391.95979E-03
+566.40000E-03,+0.0E+00,+400.75376E-03
+566.42500E-03,+3.51759E-03,+403.26633E-03
+566.45000E-03,+8.04020E-03,+381.90954E-03
+566.47500E-03,+8.04020E-03,+391.95979E-03
+566.50000E-03,+8.04020E-03,+381.90954E-03
+566.52500E-03,+0.0E+00,+412.06030E-03
+566.55000E-03,+502.51E-06,+383.16583E-03
+566.57500E-03,+8.04020E-03,+402.01005E-03
+566.60000E-03,+7.53769E-03,+381.90954E-03
+566.62500E-03,+8.04020E-03,+381.90954E-03
+566.65000E-03,+8.04020E-03,+402.01005E-03
+566.67500E-03,+8.04020E-03,+410.80402E-03
+566.70000E-03,+0.0E+00,+383.16583E-03
+566.72500E-03,+4.02010E-03,+402.01005E-03
+566.75000E-03,+8.04020E-03,+402.01005E-03
+566.77500E-03,+8.04020E-03,+391.95979E-03
+566.80000E-03,+0.0E+00,+381.90954E-03
+566.82500E-03,+3.51759E-03,+390.70351E-03
+566.85000E-03,+0.0E+00,+402.01005E-03
+566.87500E-03,+8.04020E-03,+402.01005E-03
+566.90000E-03,-7.53769E-03,+402.01005E-03
+566.92500E-03,-3.51759E-03,+402.01005E-03
+566.95000E-03,-8.04020E-03,+381.90954E-03
+566.97500E-03,+0.0E+00,+402.01005E-03
+567.00000E-03,+0.0E+00,+402.01005E-03
+567.02500E-03,-8.54271E-03,+390.70351E-03
+567.05000E-03,-15.57789E-03,+402.01005E-03
+567.07500E-03,-8.04020E-03,+402.01005E-03
+567.10000E-03,-15.57789E-03,+402.01005E-03
+567.12500E-03,-16.08040E-03,+402.01005E-03
+567.15000E-03,-16.08040E-03,+402.01005E-03
+567.17500E-03,-11.55779E-03,+402.01005E-03
+567.20000E-03,-16.08040E-03,+400.75376E-03
+567.22500E-03,-16.08040E-03,+381.90954E-03
+567.25000E-03,-16.08040E-03,+400.75376E-03
+567.27500E-03,-16.08040E-03,+402.01005E-03
+567.30000E-03,-16.08040E-03,+422.11055E-03
+567.32500E-03,-16.08040E-03,+391.95979E-03
+567.35000E-03,-16.08040E-03,+400.75376E-03
+567.37500E-03,-11.55779E-03,+391.95979E-03
+567.40000E-03,-16.08040E-03,+381.90954E-03
+567.42500E-03,-12.06030E-03,+403.26633E-03
+567.45000E-03,-8.04020E-03,+381.90954E-03
+567.47500E-03,-16.08040E-03,+402.01005E-03
+567.50000E-03,-8.04020E-03,+400.75376E-03
+567.52500E-03,-8.04020E-03,+390.70351E-03
+567.55000E-03,-16.08040E-03,+402.01005E-03
+567.57500E-03,-8.04020E-03,+390.70351E-03
+567.60000E-03,-8.04020E-03,+400.75376E-03
+567.62500E-03,-8.04020E-03,+402.01005E-03
+567.65000E-03,-8.04020E-03,+381.90954E-03
+567.67500E-03,-3.51759E-03,+402.01005E-03
+567.70000E-03,+0.0E+00,+400.75376E-03
+567.72500E-03,-4.02010E-03,+402.01005E-03
+567.75000E-03,-7.53769E-03,+381.90954E-03
+567.77500E-03,+0.0E+00,+390.70351E-03
+567.80000E-03,+7.53769E-03,+381.90954E-03
+567.82500E-03,+3.51759E-03,+390.70351E-03
+567.85000E-03,+0.0E+00,+381.90954E-03
+567.87500E-03,+8.04020E-03,+390.70351E-03
+567.90000E-03,+0.0E+00,+381.90954E-03
+567.92500E-03,+4.02010E-03,+391.95979E-03
+567.95000E-03,+8.04020E-03,+381.90954E-03
+567.97500E-03,+8.04020E-03,+391.95979E-03
+568.00000E-03,+0.0E+00,+381.90954E-03
+568.02500E-03,+4.02010E-03,+402.01005E-03
+568.05000E-03,+8.04020E-03,+381.90954E-03
+568.07500E-03,+4.02010E-03,+410.80402E-03
+568.10000E-03,+0.0E+00,+402.01005E-03
+568.12500E-03,+8.04020E-03,+391.95979E-03
+568.15000E-03,+0.0E+00,+402.01005E-03
+568.17500E-03,+3.51759E-03,+402.01005E-03
+568.20000E-03,+8.04020E-03,+400.75376E-03
+568.22500E-03,+0.0E+00,+402.01005E-03
+568.25000E-03,+7.53769E-03,+381.90954E-03
+568.27500E-03,-502.51E-06,+390.70351E-03
+568.30000E-03,+0.0E+00,+402.01005E-03
+568.32500E-03,+0.0E+00,+391.95979E-03
+568.35000E-03,+0.0E+00,+402.01005E-03
+568.37500E-03,-8.04020E-03,+410.80402E-03
+568.40000E-03,+0.0E+00,+381.90954E-03
+568.42500E-03,-12.06030E-03,+402.01005E-03
+568.45000E-03,+0.0E+00,+402.01005E-03
+568.47500E-03,-8.04020E-03,+402.01005E-03
+568.50000E-03,-15.57789E-03,+402.01005E-03
+568.52500E-03,-16.08040E-03,+381.90954E-03
+568.55000E-03,-16.08040E-03,+381.90954E-03
+568.57500E-03,-16.08040E-03,+410.80402E-03
+568.60000E-03,-8.04020E-03,+402.01005E-03
+568.62500E-03,-12.06030E-03,+410.80402E-03
+568.65000E-03,-15.57789E-03,+402.01005E-03
+568.67500E-03,-16.08040E-03,+391.95979E-03
+568.70000E-03,-16.08040E-03,+381.90954E-03
+568.72500E-03,-16.08040E-03,+381.90954E-03
+568.75000E-03,-15.57789E-03,+381.90954E-03
+568.77500E-03,-11.55779E-03,+402.01005E-03
+568.80000E-03,-8.04020E-03,+381.90954E-03
+568.82500E-03,-19.59799E-03,+391.95979E-03
+568.85000E-03,-15.57789E-03,+402.01005E-03
+568.87500E-03,-8.04020E-03,+402.01005E-03
+568.90000E-03,-15.57789E-03,+383.16583E-03
+568.92500E-03,-8.04020E-03,+402.01005E-03
+568.95000E-03,-7.53769E-03,+400.75376E-03
+568.97500E-03,-8.04020E-03,+402.01005E-03
+569.00000E-03,-8.04020E-03,+381.90954E-03
+569.02500E-03,-3.51759E-03,+402.01005E-03
+569.05000E-03,-502.51E-06,+402.01005E-03
+569.07500E-03,-7.03518E-03,+391.95979E-03
+569.10000E-03,+0.0E+00,+402.01005E-03
+569.12500E-03,-4.02010E-03,+402.01005E-03
+569.15000E-03,+0.0E+00,+381.90954E-03
+569.17500E-03,-3.51759E-03,+390.70351E-03
+569.20000E-03,+0.0E+00,+402.01005E-03
+569.22500E-03,+0.0E+00,+390.70351E-03
+569.25000E-03,+8.04020E-03,+400.75376E-03
+569.27500E-03,+3.51759E-03,+402.01005E-03
+569.30000E-03,+0.0E+00,+402.01005E-03
+569.32500E-03,+0.0E+00,+402.01005E-03
+569.35000E-03,+0.0E+00,+402.01005E-03
+569.37500E-03,+3.51759E-03,+402.01005E-03
+569.40000E-03,+0.0E+00,+402.01005E-03
+569.42500E-03,+0.0E+00,+402.01005E-03
+569.45000E-03,+0.0E+00,+402.01005E-03
+569.47500E-03,+3.51759E-03,+391.95979E-03
+569.50000E-03,+0.0E+00,+381.90954E-03
+569.52500E-03,-502.51E-06,+391.95979E-03
+569.55000E-03,+0.0E+00,+381.90954E-03
+569.57500E-03,+0.0E+00,+402.01005E-03
+569.60000E-03,+7.03518E-03,+400.75376E-03
+569.62500E-03,+0.0E+00,+390.70351E-03
+569.65000E-03,+0.0E+00,+400.75376E-03
+569.67500E-03,+0.0E+00,+391.95979E-03
+569.70000E-03,+7.53769E-03,+402.01005E-03
+569.72500E-03,-4.02010E-03,+402.01005E-03
+569.75000E-03,+7.53769E-03,+381.90954E-03
+569.77500E-03,-8.04020E-03,+402.01005E-03
+569.80000E-03,-502.51E-06,+400.75376E-03
+569.82500E-03,-8.04020E-03,+402.01005E-03
+569.85000E-03,-8.04020E-03,+400.75376E-03
+569.87500E-03,-3.51759E-03,+381.90954E-03
+569.90000E-03,-8.04020E-03,+402.01005E-03
+569.92500E-03,-7.03518E-03,+390.70351E-03
+569.95000E-03,+0.0E+00,+402.01005E-03
+569.97500E-03,-3.51759E-03,+390.70351E-03
+570.00000E-03,-16.08040E-03,+402.01005E-03
+570.02500E-03,-8.04020E-03,+402.01005E-03
+570.05000E-03,-8.04020E-03,+402.01005E-03
+570.07500E-03,-11.55779E-03,+391.95979E-03
+570.10000E-03,-8.04020E-03,+402.01005E-03
+570.12500E-03,-8.04020E-03,+402.01005E-03
+570.15000E-03,-15.57789E-03,+381.90954E-03
+570.17500E-03,-8.04020E-03,+381.90954E-03
+570.20000E-03,-7.53769E-03,+381.90954E-03
+570.22500E-03,-4.02010E-03,+402.01005E-03
+570.25000E-03,-15.57789E-03,+381.90954E-03
+570.27500E-03,-3.51759E-03,+402.01005E-03
+570.30000E-03,-8.04020E-03,+402.01005E-03
+570.32500E-03,-8.54271E-03,+391.95979E-03
+570.35000E-03,-7.53769E-03,+381.90954E-03
+570.37500E-03,-8.04020E-03,+402.01005E-03
+570.40000E-03,+0.0E+00,+381.90954E-03
+570.42500E-03,-12.06030E-03,+402.01005E-03
+570.45000E-03,+0.0E+00,+402.01005E-03
+570.47500E-03,-502.51E-06,+402.01005E-03
+570.50000E-03,-7.53769E-03,+381.90954E-03
+570.52500E-03,-4.02010E-03,+402.01005E-03
+570.55000E-03,+0.0E+00,+402.01005E-03
+570.57500E-03,+0.0E+00,+402.01005E-03
+570.60000E-03,+0.0E+00,+402.01005E-03
+570.62500E-03,-4.02010E-03,+390.70351E-03
+570.65000E-03,+0.0E+00,+400.75376E-03
+570.67500E-03,+0.0E+00,+410.80402E-03
+570.70000E-03,+0.0E+00,+402.01005E-03
+570.72500E-03,+4.02010E-03,+402.01005E-03
+570.75000E-03,+0.0E+00,+381.90954E-03
+570.77500E-03,-4.02010E-03,+391.95979E-03
+570.80000E-03,+0.0E+00,+381.90954E-03
+570.82500E-03,+0.0E+00,+381.90954E-03
+570.85000E-03,+0.0E+00,+381.90954E-03
+570.87500E-03,+4.02010E-03,+402.01005E-03
+570.90000E-03,+0.0E+00,+402.01005E-03
+570.92500E-03,+0.0E+00,+402.01005E-03
+570.95000E-03,-7.53769E-03,+402.01005E-03
+570.97500E-03,-4.02010E-03,+390.70351E-03
+571.00000E-03,+8.04020E-03,+402.01005E-03
+571.02500E-03,+0.0E+00,+402.01005E-03
+571.05000E-03,+0.0E+00,+400.75376E-03
+571.07500E-03,-4.02010E-03,+390.70351E-03
+571.10000E-03,-8.04020E-03,+381.90954E-03
+571.12500E-03,-8.04020E-03,+402.01005E-03
+571.15000E-03,+0.0E+00,+400.75376E-03
+571.17500E-03,-3.51759E-03,+410.80402E-03
+571.20000E-03,-8.04020E-03,+381.90954E-03
+571.22500E-03,-12.06030E-03,+390.70351E-03
+571.25000E-03,-7.53769E-03,+381.90954E-03
+571.27500E-03,-8.04020E-03,+381.90954E-03
+571.30000E-03,-15.57789E-03,+402.01005E-03
+571.32500E-03,-8.04020E-03,+390.70351E-03
+571.35000E-03,+0.0E+00,+381.90954E-03
+571.37500E-03,-8.04020E-03,+412.06030E-03
+571.40000E-03,-7.53769E-03,+381.90954E-03
+571.42500E-03,-11.55779E-03,+381.90954E-03
+571.45000E-03,-8.04020E-03,+381.90954E-03
+571.47500E-03,-8.04020E-03,+391.95979E-03
+571.50000E-03,-8.04020E-03,+400.75376E-03
+571.52500E-03,-8.04020E-03,+402.01005E-03
+571.55000E-03,-16.08040E-03,+420.85427E-03
+571.57500E-03,-11.55779E-03,+390.70351E-03
+571.60000E-03,-8.04020E-03,+381.90954E-03
+571.62500E-03,-3.51759E-03,+390.70351E-03
+571.65000E-03,-8.04020E-03,+381.90954E-03
+571.67500E-03,-12.06030E-03,+402.01005E-03
+571.70000E-03,-8.04020E-03,+400.75376E-03
+571.72500E-03,-8.04020E-03,+402.01005E-03
+571.75000E-03,-8.04020E-03,+400.75376E-03
+571.77500E-03,-4.02010E-03,+399.49748E-03
+571.80000E-03,-7.53769E-03,+402.01005E-03
+571.82500E-03,-8.04020E-03,+412.06030E-03
+571.85000E-03,-502.51E-06,+402.01005E-03
+571.87500E-03,-4.02010E-03,+391.95979E-03
+571.90000E-03,-7.53769E-03,+402.01005E-03
+571.92500E-03,-3.51759E-03,+390.70351E-03
+571.95000E-03,+0.0E+00,+400.75376E-03
+571.97500E-03,-8.54271E-03,+391.95979E-03
+572.00000E-03,-7.53769E-03,+402.01005E-03
+572.02500E-03,+4.02010E-03,+390.70351E-03
+572.05000E-03,-8.04020E-03,+400.75376E-03
+572.07500E-03,+0.0E+00,+391.95979E-03
+572.10000E-03,+0.0E+00,+402.01005E-03
+572.12500E-03,+0.0E+00,+391.95979E-03
+572.15000E-03,+0.0E+00,+400.75376E-03
+572.17500E-03,+4.02010E-03,+410.80402E-03
+572.20000E-03,+7.03518E-03,+402.01005E-03
+572.22500E-03,+0.0E+00,+402.01005E-03
+572.25000E-03,+0.0E+00,+383.16583E-03
+572.27500E-03,+0.0E+00,+402.01005E-03
+572.30000E-03,-7.53769E-03,+420.85427E-03
+572.32500E-03,-502.51E-06,+402.01005E-03
+572.35000E-03,-7.53769E-03,+400.75376E-03
+572.37500E-03,-3.51759E-03,+391.95979E-03
+572.40000E-03,+7.53769E-03,+400.75376E-03
+572.42500E-03,+0.0E+00,+402.01005E-03
+572.45000E-03,+0.0E+00,+419.59799E-03
+572.47500E-03,-3.51759E-03,+412.06030E-03
+572.50000E-03,+0.0E+00,+402.01005E-03
+572.52500E-03,-3.51759E-03,+381.90954E-03
+572.55000E-03,-7.53769E-03,+402.01005E-03
+572.57500E-03,+0.0E+00,+412.06030E-03
+572.60000E-03,-8.04020E-03,+402.01005E-03
+572.62500E-03,-8.04020E-03,+402.01005E-03
+572.65000E-03,-8.04020E-03,+402.01005E-03
+572.67500E-03,-4.02010E-03,+381.90954E-03
+572.70000E-03,-8.04020E-03,+400.75376E-03
+572.72500E-03,-4.02010E-03,+390.70351E-03
+572.75000E-03,-7.53769E-03,+402.01005E-03
+572.77500E-03,-12.06030E-03,+391.95979E-03
+572.80000E-03,+0.0E+00,+402.01005E-03
+572.82500E-03,-8.04020E-03,+391.95979E-03
+572.85000E-03,-8.04020E-03,+402.01005E-03
+572.87500E-03,-8.04020E-03,+412.06030E-03
+572.90000E-03,-7.53769E-03,+402.01005E-03
+572.92500E-03,-8.04020E-03,+390.70351E-03
+572.95000E-03,-8.04020E-03,+419.59799E-03
+572.97500E-03,-8.04020E-03,+391.95979E-03
+573.00000E-03,-8.04020E-03,+420.85427E-03
+573.02500E-03,-8.04020E-03,+390.70351E-03
+573.05000E-03,-8.04020E-03,+402.01005E-03
+573.07500E-03,-8.04020E-03,+402.01005E-03
+573.10000E-03,-8.04020E-03,+400.75376E-03
+573.12500E-03,-8.04020E-03,+381.90954E-03
+573.15000E-03,-8.04020E-03,+400.75376E-03
+573.17500E-03,-8.04020E-03,+402.01005E-03
+573.20000E-03,+0.0E+00,+381.90954E-03
+573.22500E-03,-3.51759E-03,+410.80402E-03
+573.25000E-03,-7.53769E-03,+381.90954E-03
+573.27500E-03,-3.51759E-03,+391.95979E-03
+573.30000E-03,-8.04020E-03,+402.01005E-03
+573.32500E-03,-4.02010E-03,+410.80402E-03
+573.35000E-03,-8.04020E-03,+381.90954E-03
+573.37500E-03,+8.04020E-03,+391.95979E-03
+573.40000E-03,-7.53769E-03,+420.85427E-03
+573.42500E-03,-8.04020E-03,+381.90954E-03
+573.45000E-03,+0.0E+00,+420.85427E-03
+573.47500E-03,-4.02010E-03,+381.90954E-03
+573.50000E-03,+0.0E+00,+381.90954E-03
+573.52500E-03,-3.51759E-03,+391.95979E-03
+573.55000E-03,-8.04020E-03,+381.90954E-03
+573.57500E-03,+3.51759E-03,+391.95979E-03
+573.60000E-03,+0.0E+00,+383.16583E-03
+573.62500E-03,+0.0E+00,+402.01005E-03
+573.65000E-03,-7.53769E-03,+402.01005E-03
+573.67500E-03,-4.02010E-03,+402.01005E-03
+573.70000E-03,+0.0E+00,+402.01005E-03
+573.72500E-03,+0.0E+00,+402.01005E-03
+573.75000E-03,+0.0E+00,+381.90954E-03
+573.77500E-03,-4.02010E-03,+391.95979E-03
+573.80000E-03,+0.0E+00,+400.75376E-03
+573.82500E-03,-3.51759E-03,+381.90954E-03
+573.85000E-03,+0.0E+00,+381.90954E-03
+573.87500E-03,+0.0E+00,+391.95979E-03
+573.90000E-03,+0.0E+00,+402.01005E-03
+573.92500E-03,-8.04020E-03,+381.90954E-03
+573.95000E-03,+0.0E+00,+402.01005E-03
+573.97500E-03,-4.02010E-03,+391.95979E-03
+574.00000E-03,+0.0E+00,+400.75376E-03
+574.02500E-03,-8.04020E-03,+402.01005E-03
+574.05000E-03,+0.0E+00,+402.01005E-03
+574.07500E-03,-4.02010E-03,+381.90954E-03
+574.10000E-03,-15.57789E-03,+402.01005E-03
+574.12500E-03,-4.02010E-03,+402.01005E-03
+574.15000E-03,+0.0E+00,+381.90954E-03
+574.17500E-03,-8.04020E-03,+410.80402E-03
+574.20000E-03,-8.04020E-03,+400.75376E-03
+574.22500E-03,-3.51759E-03,+390.70351E-03
+574.25000E-03,-8.04020E-03,+402.01005E-03
+574.27500E-03,-11.55779E-03,+381.90954E-03
+574.30000E-03,-7.53769E-03,+402.01005E-03
+574.32500E-03,-4.02010E-03,+402.01005E-03
+574.35000E-03,-8.04020E-03,+402.01005E-03
+574.37500E-03,-4.02010E-03,+412.06030E-03
+574.40000E-03,+0.0E+00,+400.75376E-03
+574.42500E-03,-8.04020E-03,+403.26633E-03
+574.45000E-03,-8.04020E-03,+402.01005E-03
+574.47500E-03,-8.04020E-03,+391.95979E-03
+574.50000E-03,-8.04020E-03,+402.01005E-03
+574.52500E-03,-4.02010E-03,+390.70351E-03
+574.55000E-03,-8.04020E-03,+402.01005E-03
+574.57500E-03,-4.02010E-03,+402.01005E-03
+574.60000E-03,-8.04020E-03,+400.75376E-03
+574.62500E-03,-8.04020E-03,+412.06030E-03
+574.65000E-03,-8.04020E-03,+400.75376E-03
+574.67500E-03,-3.51759E-03,+391.95979E-03
+574.70000E-03,-8.04020E-03,+402.01005E-03
+574.72500E-03,-4.02010E-03,+381.90954E-03
+574.75000E-03,+0.0E+00,+420.85427E-03
+574.77500E-03,+0.0E+00,+402.01005E-03
+574.80000E-03,-7.53769E-03,+399.49748E-03
+574.82500E-03,-3.51759E-03,+402.01005E-03
+574.85000E-03,-7.53769E-03,+400.75376E-03
+574.87500E-03,+0.0E+00,+390.70351E-03
+574.90000E-03,-7.53769E-03,+381.90954E-03
+574.92500E-03,-3.51759E-03,+402.01005E-03
+574.95000E-03,+0.0E+00,+381.90954E-03
+574.97500E-03,-502.51E-06,+402.01005E-03
+575.00000E-03,+0.0E+00,+400.75376E-03
+575.02500E-03,-4.02010E-03,+381.90954E-03
+575.05000E-03,+0.0E+00,+402.01005E-03
+575.07500E-03,-8.04020E-03,+403.26633E-03
+575.10000E-03,-8.04020E-03,+381.90954E-03
+575.12500E-03,-502.51E-06,+381.90954E-03
+575.15000E-03,-8.04020E-03,+419.59799E-03
+575.17500E-03,-3.51759E-03,+402.01005E-03
+575.20000E-03,-8.04020E-03,+381.90954E-03
+575.22500E-03,-3.51759E-03,+383.16583E-03
+575.25000E-03,+0.0E+00,+381.90954E-03
+575.27500E-03,-8.04020E-03,+402.01005E-03
+575.30000E-03,+7.53769E-03,+402.01005E-03
+575.32500E-03,+0.0E+00,+399.49748E-03
+575.35000E-03,+0.0E+00,+381.90954E-03
+575.37500E-03,-4.02010E-03,+390.70351E-03
+575.40000E-03,+0.0E+00,+402.01005E-03
+575.42500E-03,-4.02010E-03,+391.95979E-03
+575.45000E-03,+0.0E+00,+400.75376E-03
+575.47500E-03,-7.03518E-03,+391.95979E-03
+575.50000E-03,+0.0E+00,+402.01005E-03
+575.52500E-03,-3.51759E-03,+391.95979E-03
+575.55000E-03,-7.53769E-03,+400.75376E-03
+575.57500E-03,-3.51759E-03,+402.01005E-03
+575.60000E-03,-8.04020E-03,+381.90954E-03
+575.62500E-03,-8.04020E-03,+410.80402E-03
+575.65000E-03,-16.08040E-03,+381.90954E-03
+575.67500E-03,-8.04020E-03,+402.01005E-03
+575.70000E-03,-502.51E-06,+402.01005E-03
+575.72500E-03,-8.04020E-03,+391.95979E-03
+575.75000E-03,+0.0E+00,+419.59799E-03
+575.77500E-03,-8.54271E-03,+391.95979E-03
+575.80000E-03,-8.04020E-03,+381.90954E-03
+575.82500E-03,-11.55779E-03,+391.95979E-03
+575.85000E-03,+0.0E+00,+400.75376E-03
+575.87500E-03,-8.04020E-03,+391.95979E-03
+575.90000E-03,-15.57789E-03,+400.75376E-03
+575.92500E-03,-4.02010E-03,+402.01005E-03
+575.95000E-03,-8.04020E-03,+381.90954E-03
+575.97500E-03,-11.55779E-03,+391.95979E-03
+576.00000E-03,-8.04020E-03,+381.90954E-03
+576.02500E-03,-3.51759E-03,+381.90954E-03
+576.05000E-03,-8.04020E-03,+381.90954E-03
+576.07500E-03,-4.02010E-03,+402.01005E-03
+576.10000E-03,+0.0E+00,+381.90954E-03
+576.12500E-03,-3.51759E-03,+391.95979E-03
+576.15000E-03,-7.53769E-03,+402.01005E-03
+576.17500E-03,-3.51759E-03,+390.70351E-03
+576.20000E-03,+0.0E+00,+399.49748E-03
+576.22500E-03,-8.04020E-03,+391.95979E-03
+576.25000E-03,-7.53769E-03,+402.01005E-03
+576.27500E-03,+0.0E+00,+390.70351E-03
+576.30000E-03,+7.03518E-03,+402.01005E-03
+576.32500E-03,-4.02010E-03,+402.01005E-03
+576.35000E-03,+0.0E+00,+402.01005E-03
+576.37500E-03,-8.04020E-03,+391.95979E-03
+576.40000E-03,+0.0E+00,+402.01005E-03
+576.42500E-03,-3.51759E-03,+381.90954E-03
+576.45000E-03,+0.0E+00,+400.75376E-03
+576.47500E-03,+3.51759E-03,+402.01005E-03
+576.50000E-03,+0.0E+00,+381.90954E-03
+576.52500E-03,-4.02010E-03,+410.80402E-03
+576.55000E-03,+0.0E+00,+400.75376E-03
+576.57500E-03,-4.02010E-03,+402.01005E-03
+576.60000E-03,+0.0E+00,+402.01005E-03
+576.62500E-03,+0.0E+00,+402.01005E-03
+576.65000E-03,-7.53769E-03,+400.75376E-03
+576.67500E-03,+502.51E-06,+402.01005E-03
+576.70000E-03,+0.0E+00,+381.90954E-03
+576.72500E-03,-4.02010E-03,+381.90954E-03
+576.75000E-03,+0.0E+00,+400.75376E-03
+576.77500E-03,-3.51759E-03,+402.01005E-03
+576.80000E-03,+0.0E+00,+400.75376E-03
+576.82500E-03,-8.04020E-03,+391.95979E-03
+576.85000E-03,-7.53769E-03,+402.01005E-03
+576.87500E-03,-3.51759E-03,+402.01005E-03
+576.90000E-03,-15.57789E-03,+381.90954E-03
+576.92500E-03,-3.51759E-03,+410.80402E-03
+576.95000E-03,-7.53769E-03,+400.75376E-03
+576.97500E-03,-8.04020E-03,+391.95979E-03
+577.00000E-03,-8.04020E-03,+381.90954E-03
+577.02500E-03,-8.04020E-03,+381.90954E-03
+577.05000E-03,-8.04020E-03,+400.75376E-03
+577.07500E-03,-4.02010E-03,+402.01005E-03
+577.10000E-03,-7.53769E-03,+381.90954E-03
+577.12500E-03,-8.04020E-03,+399.49748E-03
+577.15000E-03,-15.57789E-03,+381.90954E-03
+577.17500E-03,-8.04020E-03,+402.01005E-03
+577.20000E-03,-8.04020E-03,+381.90954E-03
+577.22500E-03,-4.02010E-03,+391.95979E-03
+577.25000E-03,+0.0E+00,+400.75376E-03
+577.27500E-03,+0.0E+00,+402.01005E-03
+577.30000E-03,-7.53769E-03,+402.01005E-03
+577.32500E-03,+0.0E+00,+402.01005E-03
+577.35000E-03,-8.04020E-03,+381.90954E-03
+577.37500E-03,-3.51759E-03,+402.01005E-03
+577.40000E-03,-7.53769E-03,+381.90954E-03
+577.42500E-03,-3.51759E-03,+402.01005E-03
+577.45000E-03,+0.0E+00,+381.90954E-03
+577.47500E-03,+0.0E+00,+390.70351E-03
+577.50000E-03,-7.53769E-03,+402.01005E-03
+577.52500E-03,-8.04020E-03,+390.70351E-03
+577.55000E-03,+0.0E+00,+402.01005E-03
+577.57500E-03,-8.04020E-03,+381.90954E-03
+577.60000E-03,-502.51E-06,+402.01005E-03
+577.62500E-03,-3.51759E-03,+412.06030E-03
+577.65000E-03,+0.0E+00,+402.01005E-03
+577.67500E-03,-8.04020E-03,+391.95979E-03
+577.70000E-03,-7.03518E-03,+402.01005E-03
+577.72500E-03,-8.04020E-03,+402.01005E-03
+577.75000E-03,+0.0E+00,+402.01005E-03
+577.77500E-03,-4.02010E-03,+403.26633E-03
+577.80000E-03,-7.53769E-03,+402.01005E-03
+577.82500E-03,+0.0E+00,+381.90954E-03
+577.85000E-03,+0.0E+00,+381.90954E-03
+577.87500E-03,-4.02010E-03,+402.01005E-03
+577.90000E-03,+0.0E+00,+381.90954E-03
+577.92500E-03,+0.0E+00,+391.95979E-03
+577.95000E-03,-8.04020E-03,+381.90954E-03
+577.97500E-03,-3.51759E-03,+410.80402E-03
+578.00000E-03,-8.04020E-03,+381.90954E-03
+578.02500E-03,+0.0E+00,+390.70351E-03
+578.05000E-03,+0.0E+00,+402.01005E-03
+578.07500E-03,-4.02010E-03,+402.01005E-03
+578.10000E-03,-15.57789E-03,+400.75376E-03
+578.12500E-03,+0.0E+00,+410.80402E-03
+578.15000E-03,+0.0E+00,+402.01005E-03
+578.17500E-03,-8.04020E-03,+390.70351E-03
+578.20000E-03,+0.0E+00,+402.01005E-03
+578.22500E-03,-8.04020E-03,+390.70351E-03
+578.25000E-03,-8.04020E-03,+402.01005E-03
+578.27500E-03,-8.04020E-03,+381.90954E-03
+578.30000E-03,-7.53769E-03,+381.90954E-03
+578.32500E-03,+0.0E+00,+391.95979E-03
+578.35000E-03,-7.53769E-03,+400.75376E-03
+578.37500E-03,-4.02010E-03,+390.70351E-03
+578.40000E-03,-8.04020E-03,+402.01005E-03
+578.42500E-03,-3.51759E-03,+402.01005E-03
+578.45000E-03,-8.04020E-03,+402.01005E-03
+578.47500E-03,-8.04020E-03,+390.70351E-03
+578.50000E-03,-8.04020E-03,+400.75376E-03
+578.52500E-03,-3.51759E-03,+390.70351E-03
+578.55000E-03,-8.04020E-03,+400.75376E-03
+578.57500E-03,-8.54271E-03,+391.95979E-03
+578.60000E-03,-8.04020E-03,+400.75376E-03
+578.62500E-03,-11.55779E-03,+390.70351E-03
+578.65000E-03,-8.04020E-03,+400.75376E-03
+578.67500E-03,-8.04020E-03,+390.70351E-03
+578.70000E-03,-7.53769E-03,+402.01005E-03
+578.72500E-03,-3.51759E-03,+402.01005E-03
+578.75000E-03,+0.0E+00,+402.01005E-03
+578.77500E-03,-3.51759E-03,+402.01005E-03
+578.80000E-03,-8.04020E-03,+420.85427E-03
+578.82500E-03,-8.04020E-03,+391.95979E-03
+578.85000E-03,-8.04020E-03,+400.75376E-03
+578.87500E-03,+0.0E+00,+390.70351E-03
+578.90000E-03,+0.0E+00,+402.01005E-03
+578.92500E-03,+0.0E+00,+402.01005E-03
+578.95000E-03,+0.0E+00,+420.85427E-03
+578.97500E-03,-8.04020E-03,+402.01005E-03
+579.00000E-03,-7.53769E-03,+400.75376E-03
+579.02500E-03,-4.02010E-03,+402.01005E-03
+579.05000E-03,-8.04020E-03,+383.16583E-03
+579.07500E-03,-8.04020E-03,+381.90954E-03
+579.10000E-03,-7.53769E-03,+381.90954E-03
+579.12500E-03,+0.0E+00,+391.95979E-03
+579.15000E-03,-8.04020E-03,+400.75376E-03
+579.17500E-03,-8.04020E-03,+412.06030E-03
+579.20000E-03,-8.04020E-03,+381.90954E-03
+579.22500E-03,+502.51E-06,+381.90954E-03
+579.25000E-03,-8.04020E-03,+381.90954E-03
+579.27500E-03,+0.0E+00,+390.70351E-03
+579.30000E-03,+0.0E+00,+402.01005E-03
+579.32500E-03,-8.04020E-03,+402.01005E-03
+579.35000E-03,+0.0E+00,+420.85427E-03
+579.37500E-03,-8.04020E-03,+391.95979E-03
+579.40000E-03,-7.53769E-03,+381.90954E-03
+579.42500E-03,-3.51759E-03,+391.95979E-03
+579.45000E-03,-8.04020E-03,+402.01005E-03
+579.47500E-03,-8.04020E-03,+390.70351E-03
+579.50000E-03,-8.04020E-03,+400.75376E-03
+579.52500E-03,-4.02010E-03,+390.70351E-03
+579.55000E-03,-7.53769E-03,+402.01005E-03
+579.57500E-03,-3.51759E-03,+391.95979E-03
+579.60000E-03,+0.0E+00,+402.01005E-03
+579.62500E-03,+0.0E+00,+381.90954E-03
+579.65000E-03,-8.04020E-03,+381.90954E-03
+579.67500E-03,-8.04020E-03,+391.95979E-03
+579.70000E-03,-8.04020E-03,+400.75376E-03
+579.72500E-03,-4.02010E-03,+402.01005E-03
+579.75000E-03,-8.04020E-03,+402.01005E-03
+579.77500E-03,-3.51759E-03,+399.49748E-03
+579.80000E-03,-7.53769E-03,+402.01005E-03
+579.82500E-03,-7.03518E-03,+391.95979E-03
+579.85000E-03,+0.0E+00,+402.01005E-03
+579.87500E-03,+0.0E+00,+402.01005E-03
+579.90000E-03,+0.0E+00,+402.01005E-03
+579.92500E-03,-8.04020E-03,+390.70351E-03
+579.95000E-03,+0.0E+00,+381.90954E-03
+579.97500E-03,-3.51759E-03,+402.01005E-03
+580.00000E-03,-8.04020E-03,+420.85427E-03
+580.02500E-03,-8.04020E-03,+391.95979E-03
+580.05000E-03,+0.0E+00,+381.90954E-03
+580.07500E-03,-8.04020E-03,+402.01005E-03
+580.10000E-03,-8.04020E-03,+402.01005E-03
+580.12500E-03,-4.02010E-03,+390.70351E-03
+580.15000E-03,-8.04020E-03,+381.90954E-03
+580.17500E-03,-8.04020E-03,+390.70351E-03
+580.20000E-03,+0.0E+00,+402.01005E-03
+580.22500E-03,-4.02010E-03,+402.01005E-03
+580.25000E-03,-7.53769E-03,+381.90954E-03
+580.27500E-03,+0.0E+00,+402.01005E-03
+580.30000E-03,+0.0E+00,+400.75376E-03
+580.32500E-03,-4.02010E-03,+412.06030E-03
+580.35000E-03,+0.0E+00,+420.85427E-03
+580.37500E-03,-3.51759E-03,+412.06030E-03
+580.40000E-03,-7.53769E-03,+402.01005E-03
+580.42500E-03,+0.0E+00,+390.70351E-03
+580.45000E-03,-7.53769E-03,+400.75376E-03
+580.47500E-03,-4.02010E-03,+412.06030E-03
+580.50000E-03,-8.04020E-03,+381.90954E-03
+580.52500E-03,+0.0E+00,+402.01005E-03
+580.55000E-03,-7.53769E-03,+400.75376E-03
+580.57500E-03,-3.51759E-03,+402.01005E-03
+580.60000E-03,-7.53769E-03,+402.01005E-03
+580.62500E-03,+0.0E+00,+390.70351E-03
+580.65000E-03,-7.53769E-03,+420.85427E-03
+580.67500E-03,-4.02010E-03,+391.95979E-03
+580.70000E-03,+0.0E+00,+420.85427E-03
+580.72500E-03,-3.51759E-03,+402.01005E-03
+580.75000E-03,+0.0E+00,+402.01005E-03
+580.77500E-03,-4.02010E-03,+402.01005E-03
+580.80000E-03,-8.04020E-03,+402.01005E-03
+580.82500E-03,-8.04020E-03,+381.90954E-03
+580.85000E-03,-7.53769E-03,+400.75376E-03
+580.87500E-03,-3.51759E-03,+381.90954E-03
+580.90000E-03,+0.0E+00,+381.90954E-03
+580.92500E-03,-8.04020E-03,+390.70351E-03
+580.95000E-03,+0.0E+00,+383.16583E-03
+580.97500E-03,-3.51759E-03,+381.90954E-03
+581.00000E-03,+0.0E+00,+419.59799E-03
+581.02500E-03,-8.04020E-03,+391.95979E-03
+581.05000E-03,-8.04020E-03,+419.59799E-03
+581.07500E-03,-4.02010E-03,+402.01005E-03
+581.10000E-03,+0.0E+00,+400.75376E-03
+581.12500E-03,-8.04020E-03,+391.95979E-03
+581.15000E-03,+0.0E+00,+400.75376E-03
+581.17500E-03,-4.02010E-03,+391.95979E-03
+581.20000E-03,-7.53769E-03,+381.90954E-03
+581.22500E-03,+0.0E+00,+391.95979E-03
+581.25000E-03,-8.04020E-03,+400.75376E-03
+581.27500E-03,-3.51759E-03,+402.01005E-03
+581.30000E-03,-7.53769E-03,+402.01005E-03
+581.32500E-03,-8.04020E-03,+402.01005E-03
+581.35000E-03,-7.53769E-03,+402.01005E-03
+581.37500E-03,-8.04020E-03,+402.01005E-03
+581.40000E-03,+0.0E+00,+400.75376E-03
+581.42500E-03,-12.06030E-03,+402.01005E-03
+581.45000E-03,-15.07538E-03,+381.90954E-03
+581.47500E-03,-3.51759E-03,+391.95979E-03
+581.50000E-03,-7.53769E-03,+402.01005E-03
+581.52500E-03,-3.51759E-03,+403.26633E-03
+581.55000E-03,+0.0E+00,+402.01005E-03
+581.57500E-03,-3.51759E-03,+402.01005E-03
+581.60000E-03,-7.53769E-03,+400.75376E-03
+581.62500E-03,-3.51759E-03,+390.70351E-03
+581.65000E-03,-7.53769E-03,+400.75376E-03
+581.67500E-03,-4.02010E-03,+402.01005E-03
+581.70000E-03,+0.0E+00,+402.01005E-03
+581.72500E-03,-11.55779E-03,+391.95979E-03
+581.75000E-03,-7.53769E-03,+400.75376E-03
+581.77500E-03,-3.51759E-03,+381.90954E-03
+581.80000E-03,+0.0E+00,+400.75376E-03
+581.82500E-03,-4.02010E-03,+381.90954E-03
+581.85000E-03,+0.0E+00,+402.01005E-03
+581.87500E-03,-4.02010E-03,+403.26633E-03
+581.90000E-03,+0.0E+00,+420.85427E-03
+581.92500E-03,+4.02010E-03,+402.01005E-03
+581.95000E-03,+0.0E+00,+402.01005E-03
+581.97500E-03,-3.51759E-03,+402.01005E-03
+582.00000E-03,+0.0E+00,+381.90954E-03
+582.02500E-03,-8.04020E-03,+402.01005E-03
+582.05000E-03,+0.0E+00,+381.90954E-03
+582.07500E-03,-12.06030E-03,+381.90954E-03
+582.10000E-03,-8.04020E-03,+383.16583E-03
+582.12500E-03,-8.04020E-03,+381.90954E-03
+582.15000E-03,-8.04020E-03,+381.90954E-03
+582.17500E-03,-4.02010E-03,+402.01005E-03
+582.20000E-03,+0.0E+00,+381.90954E-03
+582.22500E-03,+0.0E+00,+381.90954E-03
+582.25000E-03,-8.04020E-03,+420.85427E-03
+582.27500E-03,-502.51E-06,+402.01005E-03
+582.30000E-03,-8.04020E-03,+402.01005E-03
+582.32500E-03,+0.0E+00,+391.95979E-03
+582.35000E-03,+0.0E+00,+402.01005E-03
+582.37500E-03,-8.54271E-03,+391.95979E-03
+582.40000E-03,+0.0E+00,+381.90954E-03
+582.42500E-03,-8.04020E-03,+391.95979E-03
+582.45000E-03,+0.0E+00,+402.01005E-03
+582.47500E-03,-8.04020E-03,+402.01005E-03
+582.50000E-03,-16.08040E-03,+402.01005E-03
+582.52500E-03,+0.0E+00,+412.06030E-03
+582.55000E-03,-8.04020E-03,+381.90954E-03
+582.57500E-03,-4.02010E-03,+390.70351E-03
+582.60000E-03,+0.0E+00,+402.01005E-03
+582.62500E-03,-3.51759E-03,+402.01005E-03
+582.65000E-03,-8.04020E-03,+402.01005E-03
+582.67500E-03,-4.02010E-03,+381.90954E-03
+582.70000E-03,-7.53769E-03,+400.75376E-03
+582.72500E-03,+0.0E+00,+390.70351E-03
+582.75000E-03,-8.04020E-03,+402.01005E-03
+582.77500E-03,-3.51759E-03,+390.70351E-03
+582.80000E-03,-7.53769E-03,+419.59799E-03
+582.82500E-03,-3.51759E-03,+390.70351E-03
+582.85000E-03,+0.0E+00,+402.01005E-03
+582.87500E-03,+0.0E+00,+391.95979E-03
+582.90000E-03,-8.04020E-03,+381.90954E-03
+582.92500E-03,-11.55779E-03,+402.01005E-03
+582.95000E-03,-8.04020E-03,+402.01005E-03
+582.97500E-03,-3.51759E-03,+381.90954E-03
+583.00000E-03,-7.53769E-03,+400.75376E-03
+583.02500E-03,-8.04020E-03,+390.70351E-03
+583.05000E-03,-8.04020E-03,+400.75376E-03
+583.07500E-03,-3.51759E-03,+399.49748E-03
+583.10000E-03,-502.51E-06,+381.90954E-03
+583.12500E-03,-8.04020E-03,+391.95979E-03
+583.15000E-03,-8.04020E-03,+381.90954E-03
+583.17500E-03,-8.04020E-03,+412.06030E-03
+583.20000E-03,+0.0E+00,+400.75376E-03
+583.22500E-03,-4.02010E-03,+410.80402E-03
+583.25000E-03,-8.04020E-03,+381.90954E-03
+583.27500E-03,-8.04020E-03,+391.95979E-03
+583.30000E-03,-7.53769E-03,+381.90954E-03
+583.32500E-03,-4.02010E-03,+390.70351E-03
+583.35000E-03,-8.04020E-03,+402.01005E-03
+583.37500E-03,-3.51759E-03,+390.70351E-03
+583.40000E-03,-7.53769E-03,+400.75376E-03
+583.42500E-03,+0.0E+00,+402.01005E-03
+583.45000E-03,+0.0E+00,+402.01005E-03
+583.47500E-03,-3.51759E-03,+402.01005E-03
+583.50000E-03,+0.0E+00,+402.01005E-03
+583.52500E-03,-3.51759E-03,+390.70351E-03
+583.55000E-03,-8.04020E-03,+381.90954E-03
+583.57500E-03,-3.51759E-03,+399.49748E-03
+583.60000E-03,+0.0E+00,+402.01005E-03
+583.62500E-03,-4.02010E-03,+390.70351E-03
+583.65000E-03,-7.53769E-03,+402.01005E-03
+583.67500E-03,+0.0E+00,+381.90954E-03
+583.70000E-03,-7.53769E-03,+381.90954E-03
+583.72500E-03,-8.04020E-03,+402.01005E-03
+583.75000E-03,+0.0E+00,+400.75376E-03
+583.77500E-03,-4.02010E-03,+402.01005E-03
+583.80000E-03,+0.0E+00,+402.01005E-03
+583.82500E-03,+0.0E+00,+399.49748E-03
+583.85000E-03,-8.04020E-03,+402.01005E-03
+583.87500E-03,-3.51759E-03,+391.95979E-03
+583.90000E-03,+0.0E+00,+402.01005E-03
+583.92500E-03,-7.03518E-03,+391.95979E-03
+583.95000E-03,+0.0E+00,+402.01005E-03
+583.97500E-03,+0.0E+00,+402.01005E-03
+584.00000E-03,+0.0E+00,+381.90954E-03
+584.02500E-03,-3.51759E-03,+391.95979E-03
+584.05000E-03,-7.53769E-03,+400.75376E-03
+584.07500E-03,+502.51E-06,+391.95979E-03
+584.10000E-03,-7.53769E-03,+402.01005E-03
+584.12500E-03,-8.04020E-03,+391.95979E-03
+584.15000E-03,+0.0E+00,+420.85427E-03
+584.17500E-03,-3.51759E-03,+402.01005E-03
+584.20000E-03,+0.0E+00,+400.75376E-03
+584.22500E-03,+0.0E+00,+381.90954E-03
+584.25000E-03,-7.53769E-03,+402.01005E-03
+584.27500E-03,-3.51759E-03,+391.95979E-03
+584.30000E-03,-7.53769E-03,+402.01005E-03
+584.32500E-03,-8.54271E-03,+390.70351E-03
+584.35000E-03,+0.0E+00,+381.90954E-03
+584.37500E-03,-4.02010E-03,+402.01005E-03
+584.40000E-03,+0.0E+00,+420.85427E-03
+584.42500E-03,-8.04020E-03,+381.90954E-03
+584.45000E-03,-8.04020E-03,+402.01005E-03
+584.47500E-03,-4.02010E-03,+391.95979E-03
+584.50000E-03,+0.0E+00,+402.01005E-03
+584.52500E-03,+0.0E+00,+402.01005E-03
+584.55000E-03,-8.04020E-03,+402.01005E-03
+584.57500E-03,-3.51759E-03,+399.49748E-03
+584.60000E-03,+0.0E+00,+402.01005E-03
+584.62500E-03,-11.55779E-03,+391.95979E-03
+584.65000E-03,+0.0E+00,+402.01005E-03
+584.67500E-03,+0.0E+00,+410.80402E-03
+584.70000E-03,-7.53769E-03,+381.90954E-03
+584.72500E-03,-3.51759E-03,+390.70351E-03
+584.75000E-03,+0.0E+00,+400.75376E-03
+584.77500E-03,+0.0E+00,+422.11055E-03
+584.80000E-03,-8.04020E-03,+400.75376E-03
+584.82500E-03,-4.02010E-03,+399.49748E-03
+584.85000E-03,+0.0E+00,+400.75376E-03
+584.87500E-03,+0.0E+00,+390.70351E-03
+584.90000E-03,-7.53769E-03,+381.90954E-03
+584.92500E-03,-8.04020E-03,+391.95979E-03
+584.95000E-03,+0.0E+00,+381.90954E-03
+584.97500E-03,-8.04020E-03,+390.70351E-03
+585.00000E-03,+0.0E+00,+402.01005E-03
+585.02500E-03,-8.04020E-03,+391.95979E-03
+585.05000E-03,+0.0E+00,+383.16583E-03
+585.07500E-03,-4.02010E-03,+381.90954E-03
+585.10000E-03,-7.53769E-03,+402.01005E-03
+585.12500E-03,-8.04020E-03,+391.95979E-03
+585.15000E-03,-7.53769E-03,+383.16583E-03
+585.17500E-03,+0.0E+00,+402.01005E-03
+585.20000E-03,-7.53769E-03,+420.85427E-03
+585.22500E-03,-3.51759E-03,+390.70351E-03
+585.25000E-03,-7.53769E-03,+381.90954E-03
+585.27500E-03,-3.51759E-03,+403.26633E-03
+585.30000E-03,+0.0E+00,+381.90954E-03
+585.32500E-03,-3.51759E-03,+391.95979E-03
+585.35000E-03,+0.0E+00,+400.75376E-03
+585.37500E-03,-8.04020E-03,+381.90954E-03
+585.40000E-03,-15.57789E-03,+402.01005E-03
+585.42500E-03,+0.0E+00,+402.01005E-03
+585.45000E-03,-8.04020E-03,+402.01005E-03
+585.47500E-03,-3.51759E-03,+381.90954E-03
+585.50000E-03,-8.04020E-03,+400.75376E-03
+585.52500E-03,-8.04020E-03,+391.95979E-03
+585.55000E-03,+0.0E+00,+402.01005E-03
+585.57500E-03,-12.06030E-03,+381.90954E-03
+585.60000E-03,-7.53769E-03,+402.01005E-03
+585.62500E-03,-8.04020E-03,+402.01005E-03
+585.65000E-03,+0.0E+00,+402.01005E-03
+585.67500E-03,-3.51759E-03,+402.01005E-03
+585.70000E-03,-8.04020E-03,+402.01005E-03
+585.72500E-03,-8.04020E-03,+391.95979E-03
+585.75000E-03,-7.53769E-03,+381.90954E-03
+585.77500E-03,-12.06030E-03,+381.90954E-03
+585.80000E-03,-7.03518E-03,+381.90954E-03
+585.82500E-03,+0.0E+00,+391.95979E-03
+585.85000E-03,+0.0E+00,+402.01005E-03
+585.87500E-03,-3.51759E-03,+391.95979E-03
+585.90000E-03,+0.0E+00,+402.01005E-03
+585.92500E-03,-3.51759E-03,+402.01005E-03
+585.95000E-03,+0.0E+00,+400.75376E-03
+585.97500E-03,-8.04020E-03,+390.70351E-03
+586.00000E-03,-7.53769E-03,+381.90954E-03
+586.02500E-03,-4.02010E-03,+390.70351E-03
+586.05000E-03,-7.53769E-03,+402.01005E-03
+586.07500E-03,-8.04020E-03,+402.01005E-03
+586.10000E-03,-7.53769E-03,+381.90954E-03
+586.12500E-03,-502.51E-06,+402.01005E-03
+586.15000E-03,+0.0E+00,+400.75376E-03
+586.17500E-03,-4.02010E-03,+390.70351E-03
+586.20000E-03,-8.04020E-03,+400.75376E-03
+586.22500E-03,-8.04020E-03,+403.26633E-03
+586.25000E-03,+0.0E+00,+402.01005E-03
+586.27500E-03,-8.04020E-03,+402.01005E-03
+586.30000E-03,+0.0E+00,+381.90954E-03
+586.32500E-03,-4.02010E-03,+390.70351E-03
+586.35000E-03,+0.0E+00,+400.75376E-03
+586.37500E-03,-3.51759E-03,+402.01005E-03
+586.40000E-03,-8.04020E-03,+400.75376E-03
+586.42500E-03,-4.02010E-03,+391.95979E-03
+586.45000E-03,+0.0E+00,+402.01005E-03
+586.47500E-03,-3.51759E-03,+390.70351E-03
+586.50000E-03,-7.53769E-03,+402.01005E-03
+586.52500E-03,-4.02010E-03,+402.01005E-03
+586.55000E-03,+0.0E+00,+400.75376E-03
+586.57500E-03,+0.0E+00,+399.49748E-03
+586.60000E-03,+0.0E+00,+381.90954E-03
+586.62500E-03,-4.02010E-03,+381.90954E-03
+586.65000E-03,-7.53769E-03,+402.01005E-03
+586.67500E-03,+0.0E+00,+402.01005E-03
+586.70000E-03,-8.04020E-03,+381.90954E-03
+586.72500E-03,-4.02010E-03,+381.90954E-03
+586.75000E-03,-8.04020E-03,+402.01005E-03
+586.77500E-03,-4.02010E-03,+402.01005E-03
+586.80000E-03,-8.04020E-03,+402.01005E-03
+586.82500E-03,-4.02010E-03,+391.95979E-03
+586.85000E-03,+0.0E+00,+400.75376E-03
+586.87500E-03,-4.02010E-03,+381.90954E-03
+586.90000E-03,-7.03518E-03,+402.01005E-03
+586.92500E-03,-8.04020E-03,+402.01005E-03
+586.95000E-03,+0.0E+00,+381.90954E-03
+586.97500E-03,-3.51759E-03,+402.01005E-03
+587.00000E-03,-8.04020E-03,+402.01005E-03
+587.02500E-03,-4.02010E-03,+402.01005E-03
+587.05000E-03,-8.04020E-03,+400.75376E-03
+587.07500E-03,-4.02010E-03,+381.90954E-03
+587.10000E-03,-8.04020E-03,+402.01005E-03
+587.12500E-03,-3.51759E-03,+402.01005E-03
+587.15000E-03,-8.04020E-03,+381.90954E-03
+587.17500E-03,-3.51759E-03,+399.49748E-03
+587.20000E-03,+0.0E+00,+400.75376E-03
+587.22500E-03,-3.51759E-03,+402.01005E-03
+587.25000E-03,+0.0E+00,+381.90954E-03
+587.27500E-03,-3.51759E-03,+402.01005E-03
+587.30000E-03,-8.04020E-03,+381.90954E-03
+587.32500E-03,-3.51759E-03,+381.90954E-03
+587.35000E-03,-8.04020E-03,+381.90954E-03
+587.37500E-03,-3.51759E-03,+402.01005E-03
+587.40000E-03,-8.04020E-03,+381.90954E-03
+587.42500E-03,-3.51759E-03,+402.01005E-03
+587.45000E-03,-7.53769E-03,+400.75376E-03
+587.47500E-03,-8.04020E-03,+402.01005E-03
+587.50000E-03,-7.53769E-03,+381.90954E-03
+587.52500E-03,-8.04020E-03,+390.70351E-03
+587.55000E-03,-8.04020E-03,+402.01005E-03
+587.57500E-03,+0.0E+00,+402.01005E-03
+587.60000E-03,+0.0E+00,+400.75376E-03
+587.62500E-03,-4.02010E-03,+402.01005E-03
+587.65000E-03,+0.0E+00,+400.75376E-03
+587.67500E-03,-8.04020E-03,+390.70351E-03
+587.70000E-03,-8.04020E-03,+381.90954E-03
+587.72500E-03,-16.08040E-03,+402.01005E-03
+587.75000E-03,-7.53769E-03,+402.01005E-03
+587.77500E-03,-3.51759E-03,+412.06030E-03
+587.80000E-03,+0.0E+00,+402.01005E-03
+587.82500E-03,-8.04020E-03,+402.01005E-03
+587.85000E-03,+0.0E+00,+402.01005E-03
+587.87500E-03,-8.04020E-03,+402.01005E-03
+587.90000E-03,-7.53769E-03,+381.90954E-03
+587.92500E-03,-12.06030E-03,+381.90954E-03
+587.95000E-03,-7.53769E-03,+402.01005E-03
+587.97500E-03,-4.02010E-03,+402.01005E-03
+588.00000E-03,+0.0E+00,+402.01005E-03
+588.02500E-03,-8.04020E-03,+391.95979E-03
+588.05000E-03,-7.53769E-03,+381.90954E-03
+588.07500E-03,-3.51759E-03,+390.70351E-03
+588.10000E-03,-8.04020E-03,+419.59799E-03
+588.12500E-03,-4.02010E-03,+402.01005E-03
+588.15000E-03,-8.04020E-03,+400.75376E-03
+588.17500E-03,+0.0E+00,+402.01005E-03
+588.20000E-03,+0.0E+00,+381.90954E-03
+588.22500E-03,-3.51759E-03,+390.70351E-03
+588.25000E-03,-8.04020E-03,+381.90954E-03
+588.27500E-03,+0.0E+00,+391.95979E-03
+588.30000E-03,+0.0E+00,+381.90954E-03
+588.32500E-03,-8.04020E-03,+402.01005E-03
+588.35000E-03,-8.04020E-03,+381.90954E-03
+588.37500E-03,-3.51759E-03,+412.06030E-03
+588.40000E-03,-8.04020E-03,+402.01005E-03
+588.42500E-03,-4.02010E-03,+402.01005E-03
+588.45000E-03,-8.04020E-03,+381.90954E-03
+588.47500E-03,-4.02010E-03,+390.70351E-03
+588.50000E-03,-8.04020E-03,+381.90954E-03
+588.52500E-03,+0.0E+00,+391.95979E-03
+588.55000E-03,+0.0E+00,+402.01005E-03
+588.57500E-03,-3.51759E-03,+391.95979E-03
+588.60000E-03,-8.04020E-03,+402.01005E-03
+588.62500E-03,+0.0E+00,+390.70351E-03
+588.65000E-03,+0.0E+00,+419.59799E-03
+588.67500E-03,-3.51759E-03,+391.95979E-03
+588.70000E-03,+0.0E+00,+402.01005E-03
+588.72500E-03,-8.04020E-03,+381.90954E-03
+588.75000E-03,-8.04020E-03,+381.90954E-03
+588.77500E-03,-8.04020E-03,+402.01005E-03
+588.80000E-03,+0.0E+00,+400.75376E-03
+588.82500E-03,-4.02010E-03,+410.80402E-03
+588.85000E-03,+0.0E+00,+381.90954E-03
+588.87500E-03,-3.51759E-03,+381.90954E-03
+588.90000E-03,+0.0E+00,+400.75376E-03
+588.92500E-03,+0.0E+00,+402.01005E-03
+588.95000E-03,-7.53769E-03,+402.01005E-03
+588.97500E-03,-3.51759E-03,+390.70351E-03
+589.00000E-03,-7.53769E-03,+402.01005E-03
+589.02500E-03,-3.51759E-03,+390.70351E-03
+589.05000E-03,+0.0E+00,+400.75376E-03
+589.07500E-03,-3.51759E-03,+402.01005E-03
+589.10000E-03,+0.0E+00,+402.01005E-03
+589.12500E-03,-8.04020E-03,+390.70351E-03
+589.15000E-03,-8.04020E-03,+420.85427E-03
+589.17500E-03,-8.04020E-03,+402.01005E-03
+589.20000E-03,-8.04020E-03,+402.01005E-03
+589.22500E-03,-8.04020E-03,+390.70351E-03
+589.25000E-03,+0.0E+00,+381.90954E-03
+589.27500E-03,-8.04020E-03,+390.70351E-03
+589.30000E-03,+0.0E+00,+381.90954E-03
+589.32500E-03,-8.04020E-03,+381.90954E-03
+589.35000E-03,+0.0E+00,+402.01005E-03
+589.37500E-03,+0.0E+00,+399.49748E-03
+589.40000E-03,+0.0E+00,+381.90954E-03
+589.42500E-03,-3.51759E-03,+402.01005E-03
+589.45000E-03,-8.04020E-03,+420.85427E-03
+589.47500E-03,-8.04020E-03,+402.01005E-03
+589.50000E-03,-8.04020E-03,+381.90954E-03
+589.52500E-03,-8.04020E-03,+402.01005E-03
+589.55000E-03,+0.0E+00,+381.90954E-03
+589.57500E-03,-4.02010E-03,+391.95979E-03
+589.60000E-03,+0.0E+00,+381.90954E-03
+589.62500E-03,+0.0E+00,+391.95979E-03
+589.65000E-03,+0.0E+00,+381.90954E-03
+589.67500E-03,-3.51759E-03,+403.26633E-03
+589.70000E-03,+0.0E+00,+402.01005E-03
+589.72500E-03,-8.04020E-03,+402.01005E-03
+589.75000E-03,+0.0E+00,+402.01005E-03
+589.77500E-03,+0.0E+00,+399.49748E-03
+589.80000E-03,-7.53769E-03,+400.75376E-03
+589.82500E-03,-8.04020E-03,+391.95979E-03
+589.85000E-03,+0.0E+00,+402.01005E-03
+589.87500E-03,-3.51759E-03,+390.70351E-03
+589.90000E-03,-8.04020E-03,+381.90954E-03
+589.92500E-03,-8.04020E-03,+391.95979E-03
+589.95000E-03,-8.04020E-03,+400.75376E-03
+589.97500E-03,+0.0E+00,+402.01005E-03
+590.00000E-03,-8.04020E-03,+400.75376E-03
+590.02500E-03,+0.0E+00,+391.95979E-03
+590.05000E-03,-7.53769E-03,+402.01005E-03
+590.07500E-03,-8.04020E-03,+399.49748E-03
+590.10000E-03,+0.0E+00,+402.01005E-03
+590.12500E-03,-3.51759E-03,+412.06030E-03
+590.15000E-03,+0.0E+00,+402.01005E-03
+590.17500E-03,-11.55779E-03,+381.90954E-03
+590.20000E-03,-7.53769E-03,+400.75376E-03
+590.22500E-03,-4.02010E-03,+391.95979E-03
+590.25000E-03,+0.0E+00,+402.01005E-03
+590.27500E-03,-8.04020E-03,+402.01005E-03
+590.30000E-03,-15.57789E-03,+381.90954E-03
+590.32500E-03,+3.51759E-03,+381.90954E-03
+590.35000E-03,-8.04020E-03,+400.75376E-03
+590.37500E-03,-4.02010E-03,+381.90954E-03
+590.40000E-03,+0.0E+00,+402.01005E-03
+590.42500E-03,-3.01508E-03,+391.95979E-03
+590.45000E-03,-7.53769E-03,+381.90954E-03
+590.47500E-03,+0.0E+00,+402.01005E-03
+590.50000E-03,-7.53769E-03,+402.01005E-03
+590.52500E-03,+0.0E+00,+390.70351E-03
+590.55000E-03,-15.07538E-03,+420.85427E-03
+590.57500E-03,-12.06030E-03,+391.95979E-03
+590.60000E-03,-7.53769E-03,+400.75376E-03
+590.62500E-03,-8.04020E-03,+412.06030E-03
+590.65000E-03,-8.04020E-03,+381.90954E-03
+590.67500E-03,-8.04020E-03,+390.70351E-03
+590.70000E-03,-15.07538E-03,+381.90954E-03
+590.72500E-03,-3.51759E-03,+391.95979E-03
+590.75000E-03,+0.0E+00,+400.75376E-03
+590.77500E-03,-8.04020E-03,+402.01005E-03
+590.80000E-03,-8.04020E-03,+402.01005E-03
+590.82500E-03,-8.04020E-03,+403.26633E-03
+590.85000E-03,-8.04020E-03,+402.01005E-03
+590.87500E-03,+0.0E+00,+402.01005E-03
+590.90000E-03,-8.04020E-03,+381.90954E-03
+590.92500E-03,-4.02010E-03,+391.95979E-03
+590.95000E-03,-7.53769E-03,+402.01005E-03
+590.97500E-03,-8.04020E-03,+402.01005E-03
+591.00000E-03,-7.03518E-03,+402.01005E-03
+591.02500E-03,+0.0E+00,+391.95979E-03
+591.05000E-03,-8.04020E-03,+402.01005E-03
+591.07500E-03,-502.51E-06,+410.80402E-03
+591.10000E-03,+0.0E+00,+381.90954E-03
+591.12500E-03,-11.55779E-03,+390.70351E-03
+591.15000E-03,-8.04020E-03,+381.90954E-03
+591.17500E-03,-8.04020E-03,+402.01005E-03
+591.20000E-03,-8.04020E-03,+402.01005E-03
+591.22500E-03,-3.51759E-03,+412.06030E-03
+591.25000E-03,+0.0E+00,+402.01005E-03
+591.27500E-03,-8.04020E-03,+402.01005E-03
+591.30000E-03,+0.0E+00,+402.01005E-03
+591.32500E-03,-4.02010E-03,+402.01005E-03
+591.35000E-03,-8.04020E-03,+402.01005E-03
+591.37500E-03,-3.51759E-03,+390.70351E-03
+591.40000E-03,-8.04020E-03,+381.90954E-03
+591.42500E-03,+0.0E+00,+391.95979E-03
+591.45000E-03,-8.04020E-03,+400.75376E-03
+591.47500E-03,-8.04020E-03,+402.01005E-03
+591.50000E-03,-8.04020E-03,+400.75376E-03
+591.52500E-03,-8.04020E-03,+391.95979E-03
+591.55000E-03,-8.04020E-03,+402.01005E-03
+591.57500E-03,-8.04020E-03,+402.01005E-03
+591.60000E-03,-7.53769E-03,+402.01005E-03
+591.62500E-03,-4.02010E-03,+390.70351E-03
+591.65000E-03,+0.0E+00,+400.75376E-03
+591.67500E-03,-4.02010E-03,+391.95979E-03
+591.70000E-03,+0.0E+00,+400.75376E-03
+591.72500E-03,-4.02010E-03,+402.01005E-03
+591.75000E-03,-15.57789E-03,+381.90954E-03
+591.77500E-03,-8.04020E-03,+402.01005E-03
+591.80000E-03,-8.04020E-03,+402.01005E-03
+591.82500E-03,-8.04020E-03,+390.70351E-03
+591.85000E-03,-7.53769E-03,+402.01005E-03
+591.87500E-03,-8.04020E-03,+390.70351E-03
+591.90000E-03,+0.0E+00,+381.90954E-03
+591.92500E-03,+0.0E+00,+391.95979E-03
+591.95000E-03,+0.0E+00,+381.90954E-03
+591.97500E-03,-3.51759E-03,+402.01005E-03
+592.00000E-03,+0.0E+00,+381.90954E-03
+592.02500E-03,-3.51759E-03,+402.01005E-03
+592.05000E-03,+0.0E+00,+381.90954E-03
+592.07500E-03,-8.04020E-03,+402.01005E-03
+592.10000E-03,+0.0E+00,+402.01005E-03
+592.12500E-03,-8.04020E-03,+390.70351E-03
+592.15000E-03,+0.0E+00,+400.75376E-03
+592.17500E-03,-8.04020E-03,+390.70351E-03
+592.20000E-03,-8.04020E-03,+420.85427E-03
+592.22500E-03,-4.02010E-03,+391.95979E-03
+592.25000E-03,-502.51E-06,+400.75376E-03
+592.27500E-03,-7.03518E-03,+390.70351E-03
+592.30000E-03,+0.0E+00,+402.01005E-03
+592.32500E-03,-12.06030E-03,+402.01005E-03
+592.35000E-03,+0.0E+00,+381.90954E-03
+592.37500E-03,-4.02010E-03,+412.06030E-03
+592.40000E-03,+0.0E+00,+400.75376E-03
+592.42500E-03,+0.0E+00,+391.95979E-03
+592.45000E-03,-8.04020E-03,+400.75376E-03
+592.47500E-03,-3.51759E-03,+391.95979E-03
+592.50000E-03,-8.04020E-03,+381.90954E-03
+592.52500E-03,-3.51759E-03,+402.01005E-03
+592.55000E-03,+0.0E+00,+381.90954E-03
+592.57500E-03,-3.51759E-03,+402.01005E-03
+592.60000E-03,-7.53769E-03,+381.90954E-03
+592.62500E-03,+0.0E+00,+402.01005E-03
+592.65000E-03,+0.0E+00,+381.90954E-03
+592.67500E-03,-8.04020E-03,+391.95979E-03
+592.70000E-03,-8.04020E-03,+381.90954E-03
+592.72500E-03,-4.02010E-03,+390.70351E-03
+592.75000E-03,-7.53769E-03,+400.75376E-03
+592.77500E-03,-3.51759E-03,+402.01005E-03
+592.80000E-03,-8.04020E-03,+400.75376E-03
+592.82500E-03,-3.51759E-03,+402.01005E-03
+592.85000E-03,-8.04020E-03,+402.01005E-03
+592.87500E-03,+4.02010E-03,+391.95979E-03
+592.90000E-03,+0.0E+00,+402.01005E-03
+592.92500E-03,-3.51759E-03,+390.70351E-03
+592.95000E-03,-7.53769E-03,+419.59799E-03
+592.97500E-03,-8.04020E-03,+391.95979E-03
+593.00000E-03,-8.04020E-03,+402.01005E-03
+593.02500E-03,-8.04020E-03,+391.95979E-03
+593.05000E-03,-7.53769E-03,+402.01005E-03
+593.07500E-03,-8.04020E-03,+391.95979E-03
+593.10000E-03,-8.04020E-03,+402.01005E-03
+593.12500E-03,-8.04020E-03,+390.70351E-03
+593.15000E-03,+0.0E+00,+402.01005E-03
+593.17500E-03,-4.02010E-03,+410.80402E-03
